Date,Gold Open,Gold High,Gold Low,Gold Last,Gold Change,Oil Open,Oil High,Oil Low,Oil Last,Silver Open,Silver High,Silver Low,Silver Last,USD Open,USD High,USD Low,USD Last,S&P Open,S&P High,S&P Low,S&P Last,S&P Change,S&P Volume
8/24/2020,1939.46,1959.35,1924.14,1928.6,-9.03,12.97,13.11,12.97,13.045,26.89,27.34,26.33,26.607,93.19,93.34,92.84,93.27,3398.75,3429.5,3393.5,3427.5,35,1282950
8/21/2020,1945.84,1954.22,1913.83,1937.63,-8.25,12.73,12.9425,12.73,12.9071,27.375,27.635,26.095,26.732,92.68,93.47,92.57,93.2,3383.5,3396.25,3356.75,3392.5,11.75,1221450
8/20/2020,1927.62,1953.49,1925.37,1945.88,18.44,12.89,13.0942,12.77,13.0861,26.77,27.63,26.65,27.147,92.99,93.23,92.67,92.68,3370.25,3387,3344.75,3380.75,8,1203334
8/19/2020,2001.27,2005.8,1925.53,1927.44,-74.13,13.21,13.21,13.05,13.21,27.855,28.13,26.53,27.34,92.2,93.05,92.15,92.99,3388.75,3395.75,3365.5,3372.75,-14.25,1368420
8/18/2020,1984.36,2014.05,1980.92,2001.57,17.23,13.13,13.22,13.06,13.18,27.62,28.605,27.19,28.075,92.81,92.82,92.12,92.2,3379.25,3390.75,3365.25,3387,7.25,1019552
8/17/2020,1943.63,1988.75,1931.55,1984.34,40.69,13.05,13.34,13.05,13.25,26.67,27.71,25.915,27.667,93.09,93.12,92.77,92.81,3366,3382.75,3364.75,3379.75,18.25,759304
8/14/2020,1952.69,1961.25,1935.31,1943.65,-9.12,13.0103,13.0257,12.91,12.94,27.62,27.885,25.78,26.089,93.24,93.4,93.01,93.09,3369.25,3380.5,3350,3361.5,-6.25,1084771
8/13/2020,1916.35,1964.61,1913.54,1952.77,36.53,13.14,13.1498,13.02,13.0901,25.63,27.855,25.355,27.718,93.36,93.38,92.92,93.24,3367.75,3382,3357.5,3367.75,-2.25,1205758
8/12/2020,1911.64,1947.89,1869.42,1916.24,4.46,12.98,13.125,12.93,13.11,24.9,26.355,23.58,25.979,93.68,93.9,93.26,93.36,3339.5,3382.5,3326.25,3370,40,1408718
8/11/2020,2027.03,2029.24,1907.78,1911.78,-115.16,13.21,13.21,12.74,12.84,29.235,29.44,24.48,26.049,93.62,93.74,93.17,93.68,3350.25,3379,3319.5,3330,-22.75,1733040
8/10/2020,2033.81,2048.77,2021.46,2026.94,-6.81,13.03,13.06,12.91,12.9367,28.525,29.53,27.96,29.261,93.4,93.69,93.29,93.62,3347,3357.25,3329,3352.75,8,1201751
8/7/2020,2062.96,2070.48,2016.43,2033.75,-29.27,12.85,12.85,12.725,12.7502,29.025,29.915,27.43,27.54,92.81,93.62,92.76,93.39,3343.75,3347.75,3322.25,3344.75,0.5,1615367
8/6/2020,2037.5,2067.64,2035.1,2063.02,25.4,13.13,13.135,12.945,13,27.105,29.2,26.935,28.4,92.77,93.08,92.52,92.81,3317,3345.5,3300.5,3344.25,28.25,1346665
8/5/2020,2018.09,2052.69,2010.32,2037.62,19.46,13.17,13.35,12.97,13.03,26.29,27.25,25.64,26.89,93.15,93.24,92.56,92.77,3300.75,3323.25,3292,3316,16,1116787
8/4/2020,1976.16,2018.16,1970.02,2018.16,42.03,12.62,12.9135,12.55,12.83,24.49,26.26,24.24,26.028,93.54,93.83,93.14,93.15,3290.75,3300.5,3271,3300,11.5,1145269
8/3/2020,1974.67,1984.06,1961.22,1976.13,1.45,12.59,12.7699,12.53,12.63,24.68,25.275,24.16,24.417,93.45,93.99,93.31,93.54,3272,3295.5,3254.75,3288.5,25,1250449
7/31/2020,1955.68,1976.77,1955.3,1974.68,18.87,12.55,12.55,12.32,12.52,23.625,24.67,23.41,24.216,92.79,93.53,92.54,93.45,3269.25,3273.75,3212.5,3263.5,14.75,2282794
7/30/2020,1970.18,1970.73,1940.7,1955.81,-14.39,12.51,12.51,12.2401,12.4097,24.45,24.58,23,23.362,93.35,93.67,92.77,92.79,3256.75,3269,3195,3248.75,-3.75,2000721
7/29/2020,1958.91,1977.4,1946.74,1970.2,11.13,12.65,12.749,12.63,12.6901,24.58,25.12,23.435,24.321,93.75,93.79,93.18,93.35,3215,3257,3204.25,3252.5,39.5,1218031
7/28/2020,1941.29,1976.81,1911.71,1959.07,17.86,12.5601,12.5804,12.5601,12.5804,24.7,26.275,22.46,24.3,93.53,94,93.49,93.76,3235,3246.75,3208,3213,-19.25,1375293
7/27/2020,1900.83,1945.13,1900.38,1941.21,40.33,12.45,12.765,12.45,12.765,22.97,24.82,22.94,24.501,94.39,94.41,93.47,93.53,3210.75,3235,3192,3232.25,28.25,1299512
7/24/2020,1886.53,1904.74,1883,1900.88,14.39,12.63,12.63,12.63,12.63,22.835,23.185,22.58,22.85,94.79,94.83,94.33,94.34,3230,3239,3191.5,3204,-23.5,1761346
7/23/2020,1871.46,1897.08,1864.64,1886.49,15.06,12.76,12.78,12.53,12.6181,23.405,23.67,22.475,22.988,95.01,95.18,94.59,94.79,3267.75,3284.5,3214.25,3227.5,-38,1704453
7/22/2020,1841.39,1871.43,1840.66,1871.43,30.18,12.79,12.79,12.79,12.79,21.7,23.42,21.68,23.144,95.13,95.41,94.82,95.01,3249.25,3271.75,3227.25,3265.5,14.25,1354244
7/21/2020,1816.85,1842.9,1815.94,1841.25,24.47,12.8,12.8,12.75,12.7848,20.34,21.725,20.315,21.557,95.73,95.91,95.04,95.13,3243.75,3273.25,3239.25,3251.25,6,1463931
7/20/2020,1809.34,1819.09,1805.91,1816.78,7.45,12.36,12.48,12.3599,12.4619,19.765,20.34,19.655,20.192,96.06,96.17,95.72,95.73,3214.5,3250.5,3190.25,3245.25,31.25,1401168
7/17/2020,1796.53,1810.92,1796.06,1809.33,12.94,12.42,12.465,12.42,12.455,19.535,19.79,19.355,19.764,96.27,96.32,95.9,96.01,3198.5,3225.25,3194.75,3214,19.5,1261113
7/16/2020,1809.91,1812.79,1795.06,1796.39,-13.8,12.5245,12.565,12.44,12.44,19.82,19.87,19.475,19.573,96,96.4,95.89,96.27,3223.25,3228.5,3188.5,3194.5,-25,1471311
7/15/2020,1809,1813.49,1803.53,1810.19,1.13,12.41,12.62,12.41,12.6,19.645,19.845,19.525,19.761,96.15,96.24,95.77,96,3204,3233.25,3192,3219.5,36,1937696
7/14/2020,1801.78,1810.1,1792.78,1809.06,7.17,12.21,12.33,12.21,12.33,19.455,19.685,19.24,19.53,96.55,96.7,96.15,96.15,3149.75,3192.25,3119,3183.5,35.25,2256766
7/13/2020,1797.97,1812.09,1797.83,1801.89,3.86,12.37,12.37,12.16,12.2042,19.08,19.81,19.08,19.788,96.61,96.68,96.27,96.55,3183.5,3226.25,3140.5,3148.25,-30.25,2074726
7/10/2020,1802.68,1809.29,1794.14,1798.03,-4.69,12.15,12.395,12.145,12.395,19.025,19.195,18.91,19.053,96.77,96.97,96.43,96.65,3142.25,3181.25,3111.5,3178.5,37.5,1408591
7/9/2020,1808.25,1815.34,1798.03,1802.72,-5.56,12.57,12.57,12.135,12.135,19.15,19.445,18.83,18.962,96.45,96.81,96.23,96.77,3166.25,3170.75,3105.25,3141,-22.5,1881833
7/8/2020,1794.22,1815.35,1792.09,1808.28,13.94,12.475,12.565,12.475,12.565,18.625,19.215,18.585,19.161,96.97,97.05,96.4,96.45,3135.25,3166.25,3125.5,3163.5,27,1527612
7/7/2020,1784.03,1796.77,1774.87,1794.34,10.4,12.47,12.548,12.375,12.375,18.585,18.72,18.235,18.699,96.74,97.15,96.6,96.97,3170,3184,3132.5,3136.5,-35.5,1333466
7/6/2020,1774.46,1786.52,1770.76,1783.94,9.51,12.355,12.52,12.35,12.455,18.335,18.78,18.22,18.582,97.18,97.19,96.56,96.74,3121.25,3174.5,3105.75,3172,43,1459512
7/3/2020,1774.85,1776.55,1772.81,1774.43,-0.5,12.35,12.35,12.27,12.3134,18.285,18.4,17.995,18.322,97.23,97.35,97.12,97.15,3101.75,3156.5,3095.5,3129,26,1552517
7/2/2020,1769.61,1778.44,1759.1,1774.93,5.2,12.1652,12.2,12.1517,12.1647,18.58,18.85,18.095,18.218,97.16,97.34,96.81,97.23,3085.25,3117.75,3062.75,3103,12.75,1537321
7/1/2020,1779.58,1787.97,1760.67,1769.73,-10.26,12,12.18,12,12.0873,18.095,18.655,18.02,18.637,97.39,97.62,97.02,97.16,3046,3101.25,3030.25,3090.25,42.5,1724164
6/30/2020,1771.83,1784.31,1766.03,1779.99,7.98,11.92,12.1249,11.92,12.1249,18.11,18.285,17.935,18.064,97.42,97.8,97.23,97.39,2986.25,3051.25,2983.5,3047.75,40.75,1585146
6/29/2020,1769.82,1774.31,1766.51,1772.01,2.24,11.99,11.99,11.7481,11.7481,18.075,18.255,17.68,18.168,97.46,97.64,97.11,97.42,3071.25,3082,2992.5,3007,-63.75,2208418
6/26/2020,1763.27,1770.8,1748.41,1769.77,6.18,11.6,12.0143,11.6,12.0143,17.72,18.085,17.65,18.051,97.38,97.68,97.25,97.49,3046.75,3079.5,3005,3070.75,21.75,1967245
6/25/2020,1760.78,1767.74,1756.62,1763.59,2.77,12.3,12.3,11.62,11.62,18.275,18.425,17.595,17.811,97.24,97.59,97.16,97.38,3113.25,3128.5,3019.75,3049,-69.5,2387916
6/24/2020,1766.89,1778.32,1760.82,1760.82,-6.26,12.52,12.52,12.357,12.357,17.935,18.31,17.905,18.239,96.63,97.25,96.55,97.24,3111.75,3145.75,3060,3118.5,7.75,1528485
6/23/2020,1754.35,1770.19,1747.87,1767.08,12.77,12.2,12.42,12.191,12.4,18.08,18.36,17.95,18.074,96.89,97.24,96.38,96.63,3040.25,3114.25,3027.25,3110.75,51.25,1392325
6/22/2020,1742.29,1761.96,1742.29,1754.31,12.06,12.3798,12.3913,12.03,12.1547,17.66,18.205,17.64,18.022,97.61,97.73,96.88,96.89,3096.75,3144.75,3056.75,3059.5,-38.5,1952273
6/19/2020,1721.87,1743.79,1721.33,1742.25,20.28,11.61,11.9547,11.61,11.9547,17.86,18.075,17.565,17.67,97.43,97.71,97.15,97.66,3104,3120,3064.5,3098,-9,1636217
6/18/2020,1725.77,1734.88,1717.6,1721.97,-4.14,11.81,11.815,11.7,11.7,17.755,17.975,17.665,17.934,97.07,97.58,96.95,97.43,3111.75,3147,3094.5,3107,-11.25,1850300
6/17/2020,1726.34,1728.57,1713.58,1726.11,-0.35,11.9,12.09,11.6053,11.79,17.68,17.93,17.61,17.798,96.99,97.33,96.8,97.07,3065.25,3156.25,3060.25,3118.25,56.25,2997253
6/16/2020,1724.59,1731.92,1708.37,1726.46,1.82,11.38,11.575,11.3421,11.5643,17.7,17.78,17.17,17.552,96.54,97.25,96.43,96.99,2983.25,3068.25,2923.75,3062,38.25,2970664
6/15/2020,1729.49,1733.53,1705.53,1724.64,-4.83,11.1087,11.36,11.09,11.3296,17.925,18.03,17.625,17.642,97.21,97.39,96.54,96.54,3000.75,3076.75,2971,3023.75,24.25,2721119
6/12/2020,1726.68,1741.68,1723.45,1729.47,2.89,11.51,11.51,11.01,11.13,18.515,18.565,17.77,18.061,96.84,97.45,96.49,97.08,3173,3177.75,2985.25,2999.5,-176,805593
6/11/2020,1737.33,1743.81,1723.29,1726.58,-10.96,11.75,12.02,11.75,12.02,17.95,18.585,17.865,17.973,96.15,96.84,95.95,96.84,3194.25,3216.75,3168.75,3175.5,-19,160505
6/10/2020,1714,1738.54,1711.98,1737.54,23.41,11.67,12.0062,11.65,12.0062,18.16,18.18,17.895,17.986,96.45,96.45,95.71,96.15,3216,3220,3179,3194.5,-22.25,93321
6/9/2020,1697.87,1719.88,1692.92,1714.13,16.22,12.01,12.01,11.78,11.847,17.695,18.175,17.685,18.098,96.62,97.06,96.22,96.45,3181.5,3220.5,3173,3216.75,40.25,90503
6/8/2020,1684.32,1700.06,1678.27,1697.91,13.54,11.99,12.3299,11.99,12.1915,18.15,18.19,17.55,17.668,96.84,97.06,96.59,96.62,3102.25,3199.75,3096,3176.5,76.75,56644
6/5/2020,1713.16,1715.18,1672.8,1684.37,-28.78,11.58,11.6,11.145,11.49,18.095,18.27,17.92,18.206,96.75,97.03,96.44,96.95,3106.75,3115.75,3077,3099.75,-6.75,31941
6/4/2020,1697.55,1720.31,1697.12,1713.15,15.49,11.5,11.5,11.115,11.3308,18.505,18.51,17.81,18.09,97.32,97.63,96.57,96.75,3067,3118,3063,3106.5,41,23571
6/3/2020,1727.34,1730.86,1690,1697.66,-29.68,11.12,11.52,11.11,11.42,18.98,19.035,18.245,18.388,97.57,97.62,97.18,97.32,3043.5,3067.25,3024.5,3065.5,22,20121
6/2/2020,1739.33,1743.83,1723.42,1727.34,-11.91,10.87,11.09,10.06,10.06,18.715,19.035,18.565,18.951,97.87,97.9,97.43,97.57,3020,3048.25,2998.5,3043.5,11.75,11734
6/1/2020,1728.81,1743.9,1728.81,1739.25,10.42,10.45,10.98,10.45,10.9525,18.05,18.63,17.895,18.584,98.23,98.32,97.78,97.87,3026.25,3047.5,2982.25,3031.75,3.75,11752
5/29/2020,1718.25,1735.65,1714.21,1728.83,10.55,10.2379,10.58,10.2379,10.45,17.855,18.185,17.775,18.05,98.48,98.54,97.94,98.29,3025,3055.75,3010,3028,2.5,9662
5/28/2020,1708.54,1725.83,1707.26,1718.28,9.5,10.62,10.62,10.28,10.3711,17.645,17.935,17.31,17.838,98.9,99.09,98.35,98.48,2981.25,3029.5,2956,3025.5,40.5,7684
5/27/2020,1709.52,1714.94,1694.6,1708.78,-0.79,10.72,10.7924,10.605,10.7299,17.7,18.105,17.445,17.674,99.01,99.34,98.71,98.9,2942,3010.5,2939,2985,41.25,5726
5/26/2020,1727.49,1734.14,1708.89,1709.57,-17.92,10.56,10.56,10.2138,10.485,17.51,17.82,17.26,17.763,99.74,99.77,98.89,99.01,2927.5,2948.25,2895.5,2943.75,15.5,2796
5/25/2020,1734.39,1734.39,1724.21,1727.49,-6.92,10.96,10.96,10.55,10.6993,18.1,18.1,17.315,17.424,99.8,99.97,99.68,99.74,2963,2964.75,2924.75,2928.25,-31.5,3168
5/22/2020,1726.33,1738.3,1724,1734.41,7.9,10.46,10.5799,10.357,10.52,17.915,18.2,17.815,18.082,99.42,99.87,99.38,99.79,2905,2966.5,2899,2959.75,49.5,3814
5/21/2020,1747.15,1747.44,1719.07,1726.51,-20.69,10.14,10.2,10.03,10.05,17.43,18.055,17.42,17.956,99.17,99.51,99.02,99.42,2933.5,2967,2906,2910.25,-29,4576
5/20/2020,1744.41,1751.71,1742.96,1747.2,2.75,10.08,10.68,10.0322,10.14,17.275,18.02,17.2,17.53,99.55,99.56,99,99.17,2848,2955,2842.5,2939.25,101.25,4525
5/19/2020,1731.87,1746.49,1726.89,1744.45,12.79,9.2,9.25,9.08,9.24,16.25,17.195,16.21,17.121,99.62,99.73,99.23,99.55,2839.5,2853.75,2801,2838,-0.5,4341
5/18/2020,1741.03,1764.12,1728.94,1731.66,-9.28,8.9904,9.0601,8.74,9.025,15.82,16.275,15.715,16.209,100.4,100.46,99.58,99.62,2812.5,2845.25,2751.5,2838.5,34.25,5428
5/15/2020,1729.72,1749.45,1728.83,1740.94,11.44,9.01,9.01,8.6044,8.6044,15.69,15.97,15.6,15.729,100.27,100.48,100.08,100.36,2828,2867.5,2778,2804.25,-39.25,5520
5/14/2020,1715.01,1734.99,1711.12,1729.5,14.31,9,9,8.7935,8.7935,15.765,15.955,15.61,15.777,100.17,100.55,100.14,100.27,2912.5,2930,2829.75,2843.5,-70.25,2648
5/13/2020,1701.26,1716.36,1699.89,1715.19,13.72,9.09,9.31,8.8101,8.905,15.845,15.965,15.585,15.754,100.03,100.27,99.57,100.17,2910,2937.25,2881.5,2913.75,-5.75,3017
5/12/2020,1696.67,1709.47,1693.87,1701.47,4.44,8.915,9.3699,8.7054,9.195,15.645,16.045,15.59,15.835,100.21,100.44,99.66,100.03,2873,2923.5,2872,2919.5,48.5,2186
5/11/2020,1702.52,1710.73,1693.39,1697.03,-3.95,9.16,9.47,8.587,8.587,15.15,15.755,15.035,15.664,99.81,100.28,99.66,100.21,2828.75,2886,2815.25,2871,46.25,3124
5/8/2020,1715.35,1721.9,1700.98,1700.98,-14.41,9.15,9.1598,8.6,8.875,15.205,15.48,14.935,15.103,99.81,99.94,99.09,99.1,2849.25,2876.75,2824,2824.75,-24.75,1592
5/7/2020,1684.67,1720.89,1683.69,1715.39,30.45,8.68,9.155,8.6001,9.15,14.915,15.275,14.85,15.201,100.19,100.4,99.8,99.81,2820.5,2881,2817.5,2849.5,32.75,3601
5/6/2020,1704.94,1707.28,1683.39,1684.94,-19.93,8.49,8.49,8.14,8.37,15.285,15.29,14.865,14.884,99.79,100.2,99.75,100.19,2783.25,2826.75,2763,2816.75,3.5,2341
5/5/2020,1700.77,1710.47,1693.52,1704.87,4.13,8.48,8.48,7.85,8.12,15.18,15.245,14.93,15.035,99.5,99.97,99.29,99.79,2865.5,2870,2804,2813.25,-80.75,2355
5/4/2020,1699.93,1709.1,1692.91,1700.74,2.12,8.17,8.68,7.75,8.3598,15.55,16.015,14.965,15.079,99.1,99.59,99.08,99.5,2950.5,2956.25,2870,2894,-38.5,2072
5/1/2020,1685.99,1703.05,1671.36,1698.62,12.8,8,8.59,7.5414,7.8298,15.33,15.66,15.33,15.385,99.1,99.21,98.64,98.68,2859,2950.25,2853,2932.5,73.5,2659
4/30/2020,1711.76,1720.33,1681.99,1685.82,-26.22,7.52,7.74,7.3589,7.4702,15.4,15.525,15.155,15.38,99.49,99.72,98.8,99.1,2857,2906,2842.5,2859,-2,2597
4/29/2020,1707.07,1715.06,1699.16,1712.04,4.86,8.34,8.34,7.3281,7.46,15.54,15.65,15.33,15.379,99.86,99.88,99.46,99.49,2829,2873.25,2806,2861,39.5,2366
4/28/2020,1714.51,1714.67,1693.14,1707.18,-7.23,8.24,8.24,8.0598,8.11,15.495,15.73,15.315,15.464,100.08,100.2,99.45,99.86,2772.75,2826.25,2748.75,2821.5,48.5,3888
4/27/2020,1726.39,1726.39,1709,1714.41,-11.94,8.58,8.58,8,8.1873,15.475,15.885,15.405,15.545,100.22,100.31,99.83,100.08,2781,2828.25,2766,2773,-8,2638
4/24/2020,1729.57,1735.27,1710.77,1726.35,-3.12,8.29,8.2999,7.98,8.05,15.12,15.55,14.94,15.531,100.51,100.86,100.18,100.29,2739.75,2800,2711.75,2781,56,2005
4/23/2020,1713.84,1737.29,1707.79,1729.47,15.53,9.46,10.2,7.17,7.6678,15.71,15.71,14.8,15.017,100.47,100.69,100.03,100.51,2803.5,2824.75,2711,2725,-74.5,2738
4/22/2020,1683.71,1716.76,1680.65,1713.94,30.61,9.51,9.65,9.2,9.5211,15.39,15.79,15.34,15.76,100.2,100.49,99.89,100.48,2855.5,2867,2798,2799.5,-63,1377
4/21/2020,1693.88,1695.71,1663.76,1683.33,-10.77,9.99,9.99,9.9083,9.9083,15.78,15.78,15.375,15.463,99.94,100.47,99.92,100.2,2852.25,2877,2814.5,2862.5,82.5,4483
4/20/2020,1680.65,1700.08,1672.32,1694.1,13.68,10,10,9.6636,9.9518,15.765,16.05,15.61,15.775,99.73,100.07,99.65,99.94,2763.5,2822.75,2739,2780,13,3386
4/17/2020,1716.81,1717.03,1679.96,1680.42,-36.8,10.31,10.32,10.005,10.0772,15.81,15.96,15.65,15.663,99.9,100.29,99.62,99.71,2832,2836,2743.75,2767,-68.25,4746
4/16/2020,1715.89,1736.85,1710.96,1717.22,1.21,10.8,10.8,10.6075,10.6931,16,16.51,15.94,16.35,99.65,100.3,99.61,99.9,2757.25,2837.25,2745,2835.25,83.75,1640
4/15/2020,1726.29,1729.07,1709.39,1716.01,-10.15,11.03,11.03,10.646,10.7994,15.8,15.98,15.57,15.772,98.84,99.97,98.81,99.64,2799.25,2811.5,2704,2751.5,-21,2837
4/14/2020,1711.25,1744.37,1709.53,1726.16,15.13,10.98,10.98,10.02,10.3995,15.585,16.31,15.525,16.272,99.39,99.42,98.81,98.84,2728.75,2802,2695.75,2772.5,43.5,4187
4/13/2020,1684.56,1720.26,1677.31,1711.03,26.41,10.47,11.56,10.4105,10.4105,15.25,15.51,15.25,15.301,99.43,99.63,99.13,99.38,2634,2745.5,2616.25,2729,92.25,5226
4/10/2020,1681.41,1686.01,1680.05,1684.62,3.19,10.64,11.65,10.4,10.5114,15.75,15.795,15.285,15.558,99.6,99.63,99.36,99.48,2643,2744,2619.25,2636.75,-3.75,7671
4/9/2020,1644.71,1687.42,1643.69,1681.43,36.67,10.51,10.51,10.19,10.3774,14.515,15.45,14.515,15.232,100.12,100.29,99.36,99.6,2483.75,2664.5,2482.5,2640.5,161,10260
4/8/2020,1646.89,1654.01,1643.77,1644.76,-2.27,10.11,11.36,10.02,10.2257,14.705,14.755,14.52,14.555,99.95,100.43,99.9,100.12,2509,2525.5,2446.5,2479.5,-33.5,7449
4/7/2020,1657.96,1666.41,1644.64,1647.03,-10.34,9.75,10.84,9.32,9.8002,14.15,14.75,14.15,14.724,100.73,100.79,99.77,99.95,2454,2521.5,2422.25,2513,68,10382
4/6/2020,1614.89,1666.11,1611.27,1657.37,42.54,9.37,9.69,9,9,14.19,14.24,14.02,14.064,100.69,100.93,100.47,100.74,2556,2556.75,2431.75,2445,-121.5,11315
4/3/2020,1610.67,1622.83,1607.57,1614.83,4.49,9.7,9.7,9.35,9.35,14.37,14.43,14.185,14.232,100.19,100.85,100.14,100.68,2608.5,2631.25,2553.5,2566.5,-40.5,14376
4/2/2020,1589.94,1617.46,1581.02,1610.34,20.32,9.6934,9.75,9.4,9.4097,14.56,14.56,14.075,14.221,99.49,100.4,99.33,100.18,2451,2617.25,2439.25,2607,88.75,10169
4/1/2020,1573.53,1597.36,1564.96,1590.02,14.74,9.45,9.73,9.4,9.4,14.61,14.78,14.475,14.618,99,99.84,98.91,99.5,2618.5,2626.75,2499.75,2518.25,-83.5,13238
3/31/2020,1621,1622.23,1571.61,1575.28,-45.47,9.58,9.74,9.21,9.4056,14.615,14.97,14.51,14.706,99.21,99.94,98.89,98.99,2466.25,2619.5,2397.25,2601.75,141,8915
3/30/2020,1621.25,1628.54,1611.49,1620.75,0.24,9.35,9.61,9.35,9.5859,14.59,14.925,14.26,14.873,98.45,99.31,98.28,99.2,2434.75,2553.75,2380,2460.75,29.5,12470
3/27/2020,1627.61,1630.21,1614.63,1620.51,-7.31,8.97,9.1236,8.96,9.1236,13.38,14.355,13.38,14.29,99.29,99.81,98.27,98.3,2229.5,2441.5,2226.25,2431.25,218,6778
3/26/2020,1613.92,1638.61,1597.45,1627.82,12.37,8.92,8.92,8.16,8.16,12.515,13.385,12.435,13.35,100.92,101.01,99.23,99.29,2240.5,2375.5,2165.5,2213.25,-66.75,12554
3/25/2020,1616.03,1634.64,1599.28,1615.45,-4.5,9.52,9.75,8.73,8.92,12.245,13.14,12.245,12.455,101.64,101.91,100.84,100.91,2339.25,2488.75,2252,2280,-99.5,4097
3/24/2020,1550.66,1627.45,1549.7,1619.95,69.16,8.4447,9.41,8.4447,9.2627,12.045,12.33,11.885,12.203,102.12,102.21,101.05,101.66,2385.25,2447.5,2266.5,2379.5,-11.5,7604
3/23/2020,1507.99,1559.52,1486.21,1550.79,54.46,8.81,8.81,8,8.36,12.895,12.93,11.76,11.83,102.35,102.97,101.65,102.11,2470.5,2470.75,2252.5,2391,-83.25,3058
3/20/2020,1472.21,1513.88,1463.91,1496.33,23.87,9.7,9.703,9.35,9.35,13.075,13.245,12.24,12.554,102.97,102.99,101.08,101.94,2394.25,2530.25,2341.5,2474.25,80.75,5377
3/19/2020,1485.38,1497.18,1465.6,1472.46,-12.74,10.98,10.98,9.71,9.7447,15.09,15.09,12.195,12.871,100.78,102.98,100.77,102.98,2648.25,2648.25,2337,2393.5,-279,4563
3/18/2020,1527.89,1542.97,1475.82,1485.2,-42.69,10.91,10.9213,10.65,10.9213,15.55,15.92,14.53,14.564,99.4,101.74,99.15,100.91,2426,2680.75,2369.5,2672.5,227.5,2863
3/17/2020,1511.69,1548.43,1466.83,1527.89,16.34,10.4,10.5975,9.88,10.4308,16.945,16.945,15.59,16.086,98.12,99.83,97.98,99.4,2733.75,2748,2420,2445,-272.5,3246
3/16/2020,1534.49,1564.94,1453.26,1511.55,-17.49,11.14,11.17,10.9396,10.9396,17.18,17.18,16.755,16.863,97.7,98.46,97.44,98.12,2839.5,2844.25,2680,2717.5,-125.75,494
3/13/2020,1577.55,1595.26,1512.37,1529.04,-48.55,11.12,12,10.89,11.31,17.06,17.235,16.895,17.044,97.47,98.81,97.33,98.69,2695.5,2860.25,2675,2843.25,120,960
3/12/2020,1635.42,1647.89,1564.13,1577.59,-58.06,10.83,11.95,10.19,10.3245,17.475,17.65,16.72,17.138,96.63,98.31,96.07,97.47,2919.75,2919.75,2693.25,2723.25,-220.25,1042
3/11/2020,1649.08,1669.44,1634.02,1635.65,-13.39,14.12,14.12,13.28,13.4032,17.53,17.67,17.18,17.364,96.3,96.69,95.91,96.62,2997.25,3017.25,2878,2943.5,-53.75,1848
3/10/2020,1678.76,1679.57,1645.13,1649.04,-29.52,14.93,14.93,14.665,14.665,17.28,17.555,17.27,17.494,95.4,96.58,95.22,96.3,3084.5,3090.5,2978.75,2997.25,-101.25,1609
3/9/2020,1673.99,1701.61,1659.92,1678.56,4.38,15.34,15.34,15.048,15.048,17.365,17.405,17.2,17.353,95.78,95.78,94.65,95.39,2976.75,3111.5,2962,3098.5,117,911
3/6/2020,1671.98,1689.5,1651.55,1674.18,2.23,15.15,15.205,14.8617,15.04,16.9,17.585,16.885,17.304,96.61,96.7,95.71,96.09,3064.25,3122.75,2958,2981.5,-72.5,1348
3/5/2020,1635.89,1673.51,1635.89,1671.95,35.61,14.67,15.08,14.67,15.08,16.71,17.145,16.71,16.86,97.38,97.43,96.51,96.59,2881,3081,2881,3054,115.25,2332
3/4/2020,1640.42,1647.59,1633.51,1636.34,-4.05,14.4,14.42,14.4,14.42,17.98,18.005,16.53,16.581,97.16,97.59,97.11,97.37,2929.25,2988.75,2845.25,2938.75,-11,2441
3/3/2020,1589.32,1647.13,1588.81,1640.39,51.03,14.9651,14.9651,14.9651,14.9651,18.2,18.29,17.795,17.871,97.56,97.69,96.97,97.14,3096.5,3109.25,2938.5,2949.75,-155.5,779
3/2/2020,1586.24,1610.32,1579.73,1589.36,3.67,15.5054,15.5054,15.5054,15.5054,18.245,18.35,17.98,18.055,97.99,98.08,97.18,97.51,3141.25,3177,3087.75,3105.25,-23.25,676
2/28/2020,1644.13,1648.07,1566.78,1585.69,-58.27,16.29,16.29,15.8194,15.8194,18.775,18.825,18.06,18.41,98.42,98.65,97.96,98.12,3225.75,3256,3113.25,3128.5,-94.5,496
2/27/2020,1640.59,1657.92,1636.76,1643.96,3.37,16.3205,16.3205,16.3205,16.3205,18.855,19.14,18.77,19.1,99.01,99.05,98.36,98.38,3300,3301.25,3210.25,3223,-115.5,788
2/26/2020,1634.83,1654.08,1627.53,1640.59,5.66,16.82,16.9212,16.815,16.9212,18.61,18.84,18.565,18.752,99.08,99.26,98.91,99.14,3365,3368,3327.25,3338.5,-30.75,244
2/25/2020,1658.72,1659.18,1634.06,1634.93,-23.67,17.1,17.1,17.1,17.1,18.6,18.625,18.43,18.543,99.32,99.38,98.88,98.99,3390.75,3396.5,3340,3369.25,-18.25,152
2/24/2020,1642.79,1687.92,1642.73,1658.6,15.3,16.86,17.095,16.86,17.0324,18.365,18.6,18.365,18.534,99.47,99.63,99.11,99.29,3376.25,3393.25,3373.25,3387.5,18,47
2/21/2020,1619.34,1647.97,1619.04,1643.3,23.97,18.34,18.34,16.5,16.7441,17.925,18.405,17.925,18.371,99.85,99.87,99.23,99.33,3387.25,3391.25,3355.75,3369.5,-11.75,230
2/20/2020,1611.38,1622.48,1604.56,1619.33,7.88,16.73,16.73,16.61,16.72,17.9,18,17.825,17.953,99.53,99.91,99.52,99.87,3374.75,3387.5,3366.25,3381.25,3.25,15
2/19/2020,1601.23,1612.17,1599.77,1611.45,10.23,16.59,16.6,16.525,16.5917,17.885,17.925,17.83,17.841,99.43,99.72,99.37,99.58,3382.5,3384.25,3349.25,3378,-3,27
2/18/2020,1581.01,1604.46,1581.01,1601.22,20.21,16.53,16.5592,16.45,16.5592,17.75,17.83,17.67,17.718,99.19,99.47,99.13,99.44,3362,3381,3356.75,3381,23.5,23
2/17/2020,1584.04,1584.04,1578.91,1581.01,-2.86,16.12,16.12,16.11,16.11,17.975,17.975,17.775,17.816,99.11,99.2,99,99.14,3350,3373.75,3349,3357.5,5,274
2/14/2020,1575.86,1584.5,1573.7,1583.87,7.95,15.9924,15.9924,15.95,15.95,18.015,18.045,17.935,18.01,99.12,99.16,98.99,99.16,3314.5,3352.5,3305.5,3352.5,26.5,46
2/13/2020,1565.72,1577.44,1565.67,1575.92,10.23,16.2117,16.2117,16.2117,16.2117,18.06,18.06,17.865,17.917,98.99,99.11,98.85,99.1,3336,3348.75,3321.75,3326,-19.5,220
2/12/2020,1567.64,1569.75,1562.37,1565.69,-1.97,16.3,16.4033,16.3,16.4033,17.83,18.08,17.83,18.047,98.76,99.05,98.7,99.01,3343.5,3356.25,3333.75,3345.5,10,11
2/11/2020,1571.96,1573.32,1562.82,1567.66,-4.28,16.53,16.53,16.29,16.3647,17.77,17.86,17.7,17.83,98.86,98.95,98.7,98.74,3291.25,3336.75,3289.5,3335.5,36.25,36
2/10/2020,1570.24,1576.43,1568.35,1571.94,1.85,15.99,15.99,15.9473,15.9473,17.84,17.94,17.75,17.789,98.69,98.88,98.59,98.85,3238,3304,3236.25,3299.25,54.5,36
2/7/2020,1566.33,1572.89,1563.1,1570.09,3.73,16.4,16.406,16.0271,16.0271,18.335,18.335,17.81,17.898,98.45,98.71,98.41,98.69,3225,3265.25,3222.75,3244.75,20.75,266
2/6/2020,1556.2,1567.13,1552.87,1566.36,10.12,16.48,16.48,16.4661,16.4661,18.025,18.28,18.025,18.236,98.29,98.57,98.2,98.47,3288,3295.5,3212.75,3224,-65.25,36
2/5/2020,1552.52,1561.84,1548.29,1556.24,3.74,16.63,16.7643,16.63,16.7643,17.805,18.245,17.805,18.22,97.94,98.31,97.9,98.25,3269,3293.5,3240,3289.25,16.75,165
2/4/2020,1576.54,1578.98,1549.56,1552.5,-24.01,16.92,16.92,16.8645,16.8645,17.63,17.78,17.605,17.716,97.81,98,97.78,97.93,3287.25,3291.5,3266.5,3272.5,-6,8
2/3/2020,1588.94,1590.31,1571.6,1576.51,-12.14,16.9547,16.9547,16.9278,16.95,18.25,18.305,17.65,17.686,97.44,97.88,97.4,97.8,3255,3284.25,3243,3278.5,39,34
1/31/2020,1573.88,1589.83,1571.18,1588.65,14.78,16.7451,16.7451,16.7451,16.7451,18.45,18.555,18.285,18.286,97.86,97.96,97.35,97.36,3270,3270,3234.25,3239.5,-55,85
1/30/2020,1576.65,1585.19,1572.83,1573.87,-2.78,17.17,17.17,17.17,17.17,18.025,18.346,18.02,18.346,98.02,98.07,97.79,97.86,3328,3336.75,3282.5,3294.5,-32,163
1/29/2020,1567.38,1577.35,1563.56,1576.65,9.13,17.495,17.555,17.495,17.555,18.065,18.08,17.83,18.064,97.94,98.18,97.94,98.06,3313,3326.5,3303.75,3326.5,5.75,18
1/28/2020,1581.69,1582.23,1566.19,1567.52,-14.2,17.8882,17.8882,17.8882,17.8882,17.925,18.155,17.925,18.063,97.95,98.15,97.9,97.97,3322,3337,3317.75,3320.75,0.5,1
1/27/2020,1571.49,1585.59,1571.44,1581.72,10.64,18.3682,18.4,18.335,18.335,18.315,18.365,17.865,18.044,97.81,98,97.78,97.93,3313.5,3329.25,3309.75,3320.25,-5.75,4
1/24/2020,1562.61,1574.87,1556.98,1571.08,8.47,18.38,18.4301,18.362,18.4301,18.31,18.41,18.16,18.311,97.71,97.94,97.66,97.88,3321,3330.5,3319.5,3326,9,42
1/23/2020,1558.63,1567.42,1552.4,1562.61,3.98,18.3,18.362,18.3,18.362,18.26,18.265,18.12,18.178,97.48,97.8,97.42,97.68,3300.75,3318,3300.75,3317,23,3
1/22/2020,1558.08,1559,1550.76,1558.63,0.54,18.2356,18.2356,18.2356,18.2356,18.06,18.275,18,18.225,97.62,97.68,97.44,97.5,3297,3298.25,3280.75,3294,5.5,3
1/21/2020,1559.58,1567.92,1547.4,1558.09,-1.51,18.3814,18.3814,18.3814,18.3814,18.05,18.1,17.965,17.983,97.63,97.65,97.39,97.6,3291,3295.75,3277.25,3288.5,-1.75,46
1/20/2020,1557.44,1562.31,1556.36,1559.6,2.63,18.2549,18.2549,18.2549,18.2549,18.3,18.31,18.185,18.242,97.63,97.72,97.57,97.61,3271.5,3290.25,3270.75,3290.25,25,89
1/17/2020,1552.27,1560.82,1549.81,1556.97,4.66,18.5158,18.5448,18.5158,18.5448,18.16,18.41,18.13,18.349,97.3,97.65,97.26,97.63,3283,3286.25,3262.25,3265.25,-11.25,26
1/16/2020,1556.11,1558.73,1548.88,1552.31,-3.78,18.6519,18.6519,18.6519,18.6519,18.13,18.28,18.065,18.178,97.18,97.36,97.08,97.3,3268.5,3276.5,3260,3276.5,15.5,24
1/15/2020,1546.16,1556.94,1541.94,1556.09,9.92,18.68,18.8308,18.68,18.8308,18.905,19,18.335,18.408,97.37,97.44,97.15,97.2,3209,3268.75,3182.75,3261,25.75,106
1/14/2020,1547.77,1548.66,1536.52,1546.17,-1.63,19.53,19.53,19.53,19.53,18.39,18.685,18.305,18.634,97.36,97.56,97.32,97.38,3240.25,3253.75,3227.25,3235.25,-8,2
1/13/2020,1561.94,1561.94,1547.27,1547.8,-14.14,19.75,19.75,19.5508,19.5508,18.455,18.735,18.295,18.42,97.41,97.53,97.3,97.37,3222.5,3248,3209.25,3243.25,8.5,8
1/10/2020,1552.12,1562.35,1545.88,1561.94,9.8,19.6198,19.6198,19.6198,19.6198,18.415,18.51,18.34,18.392,97.43,97.58,97.29,97.34,3239.25,3261.75,3209,3234.75,-24,36
1/9/2020,1555.99,1560.83,1543.08,1552.14,-3.89,19,19.055,18.97,19.055,18.19,18.36,18.19,18.286,97.27,97.55,97.24,97.41,3236.25,3260.25,3236,3258.75,27.75,6
1/8/2020,1573.51,1609.12,1552.84,1556.03,-17.45,18.955,19.0151,18.955,19.0151,18.375,18.375,18.155,18.161,96.82,97.35,96.81,97.31,3227,3234.25,3214,3231,8,4
1/7/2020,1565.58,1575.81,1556.14,1573.48,7.87,19.18,19.18,19.18,19.18,18.2,18.245,18.2,18.242,96.65,97.09,96.62,96.96,3233,3243.5,3219,3223,-14.25,54
1/6/2020,1551.94,1579.02,1551.89,1565.61,13.91,19.2151,19.2151,19.2151,19.2151,18.17,18.28,18.13,18.179,96.84,96.89,96.54,96.62,3250,3252.75,3236.25,3237.25,-6.5,4
1/3/2020,1528.8,1551.7,1527.95,1551.7,22.93,19.2148,19.2148,19.1774,19.1774,18.285,18.31,18.227,18.227,96.78,97.1,96.71,96.89,3232.75,3243.75,3231.25,3243.75,18.25,3
1/2/2020,1517,1530.46,1517,1528.77,11.8,18.9599,19.0245,18.9599,19.0245,17.915,18.091,17.915,18.091,96.47,96.87,96.42,96.79,3230.25,3230.25,3223.75,3225.5,-0.5,10
12/31/2019,1514.79,1524.48,1514.4,1516.97,2.1,18.9301,18.9301,18.9301,18.9301,17.675,17.74,17.605,17.737,96.73,96.73,96.35,96.52,3227.5,3232.75,3225,3226,1.5,6
12/30/2019,1510.8,1515.74,1510.74,1514.87,4.03,18.815,18.815,18.81,18.81,17.345,17.515,17.345,17.462,97,97,96.6,96.73,3222,3227.5,3219,3224.5,15.75,9
12/27/2019,1510.83,1514.49,1507.49,1510.84,0.02,18.982,18.982,18.969,18.969,17.215,17.405,17.215,17.392,97.54,97.55,96.91,97.01,3189.75,3209.25,3189.75,3208.75,13.75,14
12/26/2019,1501.42,1512.05,1497.77,1510.82,12.35,18.75,18.9054,18.75,18.9054,17.315,17.315,17.215,17.288,97.62,97.7,97.49,97.55,3198,3198.5,3195,3195,2,3
12/24/2019,1485.33,1499.95,1484.57,1498.47,13.11,18.871,18.871,18.871,18.871,17.365,17.365,17.31,17.31,97.66,97.79,97.61,97.68,3202.25,3202.25,3193,3193,-4,9
12/23/2019,1478.53,1485.75,1477.52,1485.36,7.56,18.6795,18.6795,18.6795,18.6795,17.33,17.351,17.3,17.351,97.68,97.81,97.58,97.66,3204.75,3204.75,3197,3197,23.5,5
12/20/2019,1478.7,1480.35,1476,1477.8,-0.88,18.523,18.523,18.523,18.523,17.205,17.285,17.175,17.252,97.39,97.75,97.38,97.68,3175,3183.75,3167.75,3173.5,3.5,1
12/19/2019,1475.33,1480.95,1473.4,1478.68,3.32,18.322,18.398,18.322,18.398,17.195,17.33,17.115,17.193,97.4,97.48,97.22,97.4,3170,3173.25,3142.5,3170,26,4
12/18/2019,1475.99,1479.02,1470.9,1475.36,-0.57,18.22,18.245,18.22,18.245,16.935,17.13,16.93,17.092,97.23,97.47,97.22,97.4,3144,3144,3144,3144,7.5,2
12/17/2019,1475.83,1479.91,1474.52,1475.93,-0.04,18.36,18.3904,18.36,18.3904,16.95,17,16.925,16.949,97.14,97.29,97.02,97.18,3136.5,3136.5,3123,3136.5,1.25,0
12/16/2019,1475.8,1479.15,1473.16,1475.97,0.54,18.2421,18.2801,18.2421,18.2801,16.88,16.9,16.87,16.886,97.12,97.15,96.93,97.14,3135.25,3150,3135.25,3135.25,-12,0
12/13/2019,1469.45,1477.62,1463.23,1475.43,5.93,18.1,18.45,18.1,18.2899,17.195,17.195,16.838,16.838,96.77,97.23,96.71,97.17,3147.25,3147.25,3147.25,3147.25,30,0
12/12/2019,1474.56,1485.71,1465.34,1469.5,-5.11,18.07,18.1051,18.07,18.1051,17.235,17.305,17.235,17.304,97.08,97.51,96.58,96.73,3117.25,3118,3110.75,3117.25,5.25,0
12/11/2019,1464.19,1477.6,1462.91,1474.61,10.42,17.97,18.15,17.97,18.0956,17.465,17.465,17.13,17.169,97.51,97.59,97.03,97.12,3098,3112,3088.25,3112,19.75,2
12/10/2019,1461.38,1468.52,1460.05,1464.19,2.73,17.43,17.465,17.43,17.465,17.245,17.53,17.245,17.508,97.65,97.65,97.4,97.52,3077,3116,3077,3092.25,-22.25,5
12/9/2019,1459.65,1464.88,1458.92,1461.46,1.8,17.382,17.382,17.382,17.382,17.25,17.305,17.225,17.229,97.7,97.72,97.55,97.64,3114.5,3151,3114.5,3114.5,-30.5,0
12/6/2019,1475.68,1476.52,1458.96,1459.66,-15.98,17.57,17.57,17.2553,17.2553,17.345,17.371,17.24,17.371,97.38,97.84,97.35,97.67,3145,3145,3145,3145,-10,0
12/5/2019,1474.13,1479.95,1473.41,1475.64,1.54,17.98,18.021,17.98,18.021,17.38,17.38,17.285,17.31,97.59,97.59,97.35,97.38,3155,3155,3155,3155,9.5,1
12/4/2019,1477.14,1483.37,1471.95,1474.1,-2.99,18.1001,18.1001,18.1001,18.1001,17.215,17.432,17.215,17.432,97.7,97.78,97.43,97.6,3146,3146,3134.25,3145.5,11,5
12/3/2019,1462.31,1480.64,1459.87,1477.09,14.8,17.98,17.98,17.98,17.98,17.26,17.325,17.24,17.267,97.89,97.94,97.64,97.72,3134.5,3134.5,3134.5,3134.5,21.25,0
12/2/2019,1463.66,1464.64,1454.2,1462.29,-0.72,17.945,17.945,17.945,17.945,17.5,17.5,17.375,17.375,98.27,98.37,97.81,97.88,3108.75,3113.25,3108.75,3113.25,9,1
11/29/2019,1456.44,1465.78,1453.32,1463.01,6.55,17.97,18.0542,17.97,18.0542,17.44,17.48,17.435,17.439,98.34,98.54,98.22,98.27,3104.25,3104.25,3104.25,3104.25,-5.5,1
11/28/2019,1454.19,1457.68,1454.19,1456.46,2.36,17.44,17.6571,17.44,17.6571,17.44,17.49,17.44,17.488,98.33,98.39,98.26,98.32,3109.75,3109.75,3104.25,3109.75,-10.75,1
11/27/2019,1461.13,1461.62,1452.8,1454.1,-7.05,17.34,17.34,17.1626,17.1626,17.47,17.494,17.47,17.494,98.29,98.44,98.28,98.31,3120,3127.75,3119.75,3120.5,-3.5,1
11/26/2019,1454.77,1462.5,1452.18,1461.15,6.39,17.628,17.628,17.6176,17.6176,17.37,17.375,17.37,17.375,98.33,98.37,98.22,98.25,3124,3124,3118,3124,4.5,0
11/25/2019,1462.53,1462.53,1454.38,1454.76,-7.2,17.9,17.9101,17.9,17.9101,17.27,17.335,17.195,17.33,98.25,98.38,98.17,98.28,3105,3119.5,3105,3119.5,21,3
11/22/2019,1464.22,1472.25,1461.73,1461.96,-2.3,17.85,17.85,17.6494,17.6494,17.414,17.414,17.414,17.414,97.92,98.3,97.83,98.26,3098.5,3098.5,3092,3098.5,0.75,0
11/21/2019,1471.06,1475.24,1462.9,1464.26,-6.78,17.7579,17.7579,17.7579,17.7579,17.27,17.302,17.27,17.302,97.86,98.03,97.72,97.95,3085,3097.75,3082.5,3097.75,4.25,2
11/20/2019,1472.32,1478.33,1466.26,1471.04,-1.29,17.655,17.655,17.6301,17.6301,17.11,17.15,17.075,17.078,97.84,98.03,97.84,97.87,3085,3093.5,3085,3093.5,4,1
11/19/2019,1470.99,1474.85,1465.18,1472.33,1.42,17.67,17.67,17.635,17.635,17.195,17.22,17.19,17.194,97.8,97.88,97.75,97.82,3085,3089.5,3083.5,3089.5,-3,1
11/18/2019,1467.6,1473.32,1456.52,1470.91,3.45,17.745,17.745,17.745,17.745,17.19,17.22,17.15,17.217,97.98,97.98,97.67,97.82,3080,3092.5,3080,3092.5,5,88
11/15/2019,1470.99,1471.15,1462.78,1467.46,-3.43,17.6001,17.6001,17.5637,17.5637,17.385,17.41,17.35,17.409,98.16,98.23,97.96,98,3096,3105.25,3076,3087.5,10.5,10
11/14/2019,1463.13,1473.35,1461.42,1470.89,7.76,17.4434,17.4434,17.4434,17.4434,18.015,18.015,17.79,17.999,98.33,98.42,98.11,98.14,3067,3077,3065,3077,3.75,2
11/13/2019,1456.31,1466.29,1456.06,1463.13,6.79,17.6959,17.6959,17.6959,17.6959,18.375,18.39,17.935,17.965,98.32,98.44,98.29,98.31,3077,3077.5,3073.25,3073.25,-3.75,1
11/12/2019,1455.69,1459.65,1446.68,1456.34,0.62,17.66,17.66,17.5187,17.5187,18.55,18.61,18.385,18.469,98.2,98.42,98.2,98.32,3077,3077,3077,3077,13,1
11/11/2019,1458.9,1465.97,1448.88,1455.72,-2.99,17.3919,17.3919,17.3919,17.3919,18.45,18.485,18.445,18.449,98.36,98.38,98.12,98.21,3064,3064,3064,3064,27.25,0
11/8/2019,1468.3,1472.34,1456.71,1458.71,-9.61,16.77,16.77,16.77,16.77,18.451,18.51,18.23,18.451,98.13,98.4,98.1,98.4,3036.75,3036.75,3032.5,3036.75,-12,1
11/7/2019,1490.23,1491.81,1462.96,1468.32,-21.96,17.27,17.27,17,17,18.243,18.265,18.095,18.243,97.94,98.23,97.82,98.12,3043,3050,3034.25,3048.75,11.75,2
11/6/2019,1483.42,1492.77,1483.05,1490.28,6.88,17.2651,17.2651,17.2651,17.2651,18.206,18.206,18.005,18.206,97.93,97.97,97.77,97.94,3044,3044.75,3036.25,3037,-0.75,2
11/5/2019,1509.36,1509.47,1480.59,1483.4,-26.03,17.3347,17.3347,17.3347,17.3347,18.25,18.475,18.245,18.25,97.54,98,97.46,97.9,3037.75,3037.75,3037.75,3037.75,16,0
11/4/2019,1514.29,1514.29,1505.01,1509.43,-4.37,17.5651,17.5651,17.5651,17.5651,18.293,18.695,18.293,18.293,97.22,97.57,97.16,97.55,3019.25,3021.75,3019.25,3021.75,16.25,1
11/1/2019,1512.49,1514.24,1504.41,1513.8,1.4,17.4053,17.4053,17.4053,17.4053,18.167,18.175,18.167,18.167,97.29,97.45,97.1,97.12,3005.5,3005.5,3005.5,3005.5,-1.5,0
10/31/2019,1495.52,1513.54,1493.97,1512.4,16.88,17.28,17.28,17.28,17.28,17.937,17.94,17.937,17.937,97.45,97.45,97.22,97.29,3007,3007,2988,3007,12,0
10/30/2019,1487.62,1495.78,1482.52,1495.52,7.77,16.8,16.8,16.8,16.8,17.853,17.853,17.8,17.853,97.68,98,97.44,97.45,3010,3010,2995,2995,-13,1
10/29/2019,1492.44,1494.3,1484.47,1487.75,-4.7,16.62,16.62,16.62,16.62,17.954,18.2,17.954,17.954,97.75,97.92,97.61,97.68,2999,3008,2989.5,3008,18.5,3
10/28/2019,1504.49,1507.79,1490.4,1492.45,-11.71,16.6073,16.6073,16.6073,16.6073,17.927,17.927,17.825,17.927,97.84,97.89,97.67,97.75,2989.5,2989.5,2987.75,2989.5,-9.5,0
10/25/2019,1502.93,1516.65,1501.17,1504.16,1.24,16.7494,16.7494,16.7346,16.7346,18,18,17.95,17.961,97.68,97.9,97.57,97.82,2999,3000,2999,2999,8,0
10/24/2019,1491.82,1503.64,1488.3,1502.92,11.15,16.555,16.555,16.555,16.555,17.58,17.772,17.58,17.772,97.45,97.77,97.28,97.68,2991,2991,2991,2991,-8,0
10/23/2019,1487.61,1495.07,1487.58,1491.77,4.15,16.4567,16.4567,16.4567,16.4567,17.975,17.975,17.727,17.727,97.5,97.65,97.42,97.45,3000,3000,2999,2999,32.75,2
10/22/2019,1484.15,1488.54,1481.55,1487.62,3.57,16.51,16.6239,16.48,16.6239,17.975,18.054,17.85,18.054,97.3,97.57,97.26,97.5,2966.25,2975.5,2959.25,2966.25,-5.25,0
10/21/2019,1490.15,1494.57,1482.16,1484.05,-5.97,16.932,16.932,16.932,16.932,17.845,17.975,17.745,17.887,97.33,97.4,97.14,97.3,2971.5,2981.5,2971.5,2971.5,32.75,7
10/18/2019,1491.79,1493.74,1485.43,1490.02,-1.82,16.4,16.5692,16.4,16.5591,18.21,18.245,17.94,17.942,97.59,97.65,97.14,97.14,2938.75,2939.5,2884.5,2938.75,22,0
10/17/2019,1488.57,1496.27,1484.81,1491.84,2.57,16.3378,16.3378,16.2476,16.2476,18.21,18.29,18.105,18.15,98.01,98.11,97.49,97.59,2916.75,2916.75,2916.75,2916.75,27.75,0
10/16/2019,1480.99,1490.56,1478.19,1489.27,8.26,16.2,16.2,16.09,16.09,18.04,18.085,17.73,18.04,98.3,98.42,97.89,98,2889,2940.25,2889,2889,-46.25,1
10/15/2019,1492.86,1497.31,1479.03,1481.01,-11.84,16.2932,16.2932,16.2932,16.2932,17.87,17.9,17.815,17.881,98.45,98.64,98.2,98.3,2940,2946.75,2935.25,2935.25,-13,1
10/14/2019,1488.26,1495.54,1483.3,1492.85,4.51,16.2399,16.2399,16.2399,16.2399,17.964,17.964,17.825,17.964,98.36,98.53,98.34,98.45,2948.25,2948.25,2905.25,2948.25,41,0
10/11/2019,1493.38,1502.76,1474.78,1488.34,-4.95,15.84,16.06,15.84,16.0245,18.01,18.025,17.91,18.013,98.68,98.74,98.19,98.33,2907.25,2907.25,2862.75,2907.25,25.75,4
10/10/2019,1505.17,1515.58,1492.33,1493.29,-11.94,15.98,16.0672,15.98,16.0672,17.685,18.024,17.64,18.024,99.01,99.06,98.61,98.68,2890,2942.25,2881.5,2881.5,-57.5,4
10/9/2019,1505.23,1510.46,1500.46,1505.23,-0.07,16.4602,16.4602,16.375,16.375,17.42,17.643,17.42,17.643,99.08,99.16,98.9,99,2939,2939,2939,2939,-40.75,0
10/8/2019,1493.27,1507.79,1488.49,1505.3,12.07,16.68,16.68,16.49,16.515,17.775,17.79,17.34,17.343,98.98,99.24,98.84,99.08,2980,2980,2979.75,2979.75,16.5,1
10/7/2019,1504.48,1508.97,1490.54,1493.23,-11.19,17.03,17.03,16.9599,16.9599,17.9,18.275,17.745,18.001,98.82,99,98.74,98.98,2950,2963.25,2950,2963.25,-16.5,1
10/4/2019,1504.86,1509.86,1498,1504.42,-0.4,16.9,17.1146,16.9,17.1146,18.262,18.43,18.2,18.262,98.87,98.99,98.73,98.84,2979.75,2979.75,2979.75,2979.75,-6.25,0
10/3/2019,1499.72,1516.51,1496.73,1504.82,4.98,16.88,17.1263,16.88,17.1263,19.005,19.09,18.245,18.426,99.01,99.19,98.63,98.87,2986,2986,2986,2986,17.75,0
10/2/2019,1479.17,1504.08,1474.64,1499.84,20.61,17.3003,17.3003,17.2085,17.2085,18.69,19.055,18.685,18.981,99.15,99.41,98.96,99.01,3006,3006,2968.25,2968.25,-28.5,1
10/1/2019,1472.62,1485.43,1456.64,1479.23,6.49,17.58,17.675,17.58,17.675,19.066,19.066,19.066,19.066,99.39,99.66,99.07,99.15,2996.75,2996.75,2996.75,2996.75,6.75,0
9/30/2019,1496.66,1499.48,1465.83,1472.74,-24.07,17.6589,17.6589,17.6589,17.6589,18.38,18.385,18.19,18.207,99.11,99.45,99.05,99.39,2990,2990,2990,2990,-18.25,0
9/27/2019,1504.32,1507,1487.86,1496.81,-7.48,17.63,17.63,17.5994,17.5994,18.242,18.29,18.2,18.242,99.16,99.3,98.98,99.12,3008.25,3008.25,3008.25,3008.25,0.25,0
9/26/2019,1503.43,1511.33,1502.58,1504.29,0.92,17.43,17.4406,17.4,17.4406,18.36,18.38,17.99,18.278,98.96,99.27,98.83,99.16,3008,3008,3003.25,3008,1,0
9/25/2019,1531.41,1534.38,1502.08,1503.37,-27.99,17.57,17.85,17.49,17.5066,18.503,18.51,18.23,18.503,98.39,99.06,98.36,98.96,3007,3007,3007,3007,6.75,0
9/24/2019,1522.02,1534.62,1516.74,1531.36,9.31,17.81,18.4241,17.81,18.08,18.31,18.393,18.225,18.393,98.63,98.7,98.29,98.39,3000.25,3000.25,3000.25,3000.25,-10,0
9/23/2019,1516.05,1525.81,1511.85,1522.05,5.61,16.72,16.735,16.72,16.7311,18.45,18.59,17.84,17.945,98.51,98.83,98.44,98.63,3010.25,3010.25,3010.25,3010.25,-1.75,4
9/20/2019,1498.64,1516.56,1497.97,1516.44,17.89,16.78,16.78,16.78,16.78,18.7,18.86,18.495,18.543,98.34,98.63,98.14,98.46,3012,3012,3012,3012,9.5,0
9/19/2019,1493.65,1503.17,1489.27,1498.55,4.96,3.4024,3.4024,3.4024,3.4024,18.565,18.61,18.5,18.52,98.58,98.62,98.2,98.34,3002.5,3002.5,3002.5,3002.5,24,0
9/18/2019,1501.16,1510.54,1487.3,1493.59,-7.61,3.50246,3.50246,3.487,3.487,18.3,18.575,18.225,18.523,98.2,98.69,98.19,98.58,2978.5,2978.5,2973,2978.5,0,0
9/17/2019,1498.12,1506.67,1493.72,1501.2,3.09,3.514,3.514,3.514,3.514,18.45,18.695,18.4,18.499,98.64,98.74,98.18,98.2,2978.5,2978.5,2978.5,2978.5,-2.25,1
9/16/2019,1489.44,1511.39,1489.44,1498.11,9.84,3.4306,3.4306,3.4306,3.4306,19.04,19.2,18.42,18.445,98.12,98.71,98.02,98.64,2980.75,2980.75,2980.75,2980.75,8.75,0
9/13/2019,1498.79,1508.23,1486.03,1488.27,-10.55,3.456,3.48,3.398,3.398,19.96,19.96,18.98,19.136,98.42,98.42,97.85,97.85,2972,2972,2972,2972,33.5,0
9/12/2019,1496.52,1521.27,1489.52,1498.82,2.39,3.40884,3.40884,3.40884,3.40884,19.705,20.02,19.635,19.871,98.62,99.09,98.18,98.42,2938.5,2938.5,2938.5,2938.5,32.5,0
9/11/2019,1485.48,1497.87,1485.36,1496.43,10.99,3.23208,3.266,3.23208,3.266,19.325,19.555,19.325,19.555,98.33,98.74,97.86,98.63,2906,2906,2902,2906,-18.75,0
9/10/2019,1498.82,1499.72,1484.99,1485.44,-13.31,3.344,3.344,3.3182,3.3182,18.652,18.845,18.615,18.652,98.33,98.46,98.25,98.33,2924.75,2928.75,2924.25,2924.75,-2,0
9/9/2019,1505.99,1514,1498.39,1498.75,-7.2,3.394,3.40978,3.38196,3.40978,19.01,19.01,18.626,18.626,98.42,98.5,98.14,98.33,2926.75,2926.75,2926.75,2926.75,35.75,0
9/6/2019,1518.88,1526.53,1503.28,1505.95,-12.94,3.384,3.384,3.384,3.384,18.82,18.82,18.655,18.746,98.42,98.51,98.01,98.01,2891,2891,2891,2891,25.5,0
9/5/2019,1552.33,1552.61,1512.89,1518.89,-33.55,3.292,3.32076,3.27,3.32076,18.38,18.584,18.38,18.584,98.4,98.53,98.08,98.42,2865.5,2865.5,2865.5,2865.5,-17.25,0
9/4/2019,1547.69,1556.11,1534.29,1552.44,4.71,3.258,3.258,3.258,3.258,18.09,18.09,18.071,18.071,98.94,98.97,98.39,98.4,2882.75,2882.75,2828,2882.75,26.5,0
9/3/2019,1528.78,1548.85,1521.96,1547.73,18.91,3.25804,3.25804,3.25804,3.25804,17.831,17.831,17.831,17.831,99.07,99.37,98.91,98.94,2865,2865,2856,2856.25,-67.75,3
9/2/2019,1521.17,1532.06,1520.57,1528.82,8.36,3.344,3.35124,3.344,3.35124,17.46,17.46,17.455,17.459,98.82,99.13,98.8,99.04,2924,2924,2924,2924,-5.75,0
8/30/2019,1525.39,1532.04,1517.98,1520.46,-6.36,3.36024,3.36808,3.36024,3.36808,17.568,17.568,17.568,17.568,98.42,99.02,98.4,98.8,2929.75,2929.75,2929.75,2929.75,31.5,0
8/29/2019,1539.94,1549.46,1520.71,1526.82,-13.51,3.362,3.362,3.362,3.362,17.5,17.562,17.5,17.562,98.18,98.55,98.15,98.42,2898.25,2898.25,2898.25,2898.25,-27,0
8/28/2019,1542.51,1546,1532.95,1540.33,-2.17,3.35908,3.35908,3.35908,3.35908,17.351,17.351,17.351,17.351,98.02,98.26,97.99,98.18,2925.25,2925.25,2925.25,2925.25,33.25,0
8/27/2019,1526.88,1543.58,1526.56,1542.5,15.24,3.29168,3.29168,3.29168,3.29168,17.705,17.705,17.537,17.537,98.02,98.05,97.85,98.02,2892,2892,2892,2892,48.25,0
8/26/2019,1527.4,1552.65,1525.76,1527.26,0.79,3.28616,3.28616,3.266,3.28616,17.565,17.625,17.54,17.625,97.59,98.09,97.47,98.02,2850,2850,2831.5,2843.75,-6,2
8/23/2019,1497.95,1528.68,1481.91,1526.47,28.49,3.3287,3.3287,3.3287,3.3287,17.615,17.696,17.61,17.696,98.19,98.45,97.16,97.26,2849.75,2849.75,2849.75,2849.75,-89.5,0
8/22/2019,1502.35,1503.53,1493,1497.98,-4.38,3.44292,3.44292,3.44292,3.44292,17.23,17.404,17.23,17.404,98.25,98.39,98.08,98.19,2939.25,2943,2939.25,2939.25,52,0
8/21/2019,1507.24,1507.24,1496.86,1502.36,-4.93,3.29454,3.29454,3.29454,3.29454,17.481,17.481,17.481,17.481,98.18,98.32,97.94,98.25,2887.25,2887.25,2887.25,2887.25,-41.25,0
8/20/2019,1495.64,1507.64,1494.34,1507.29,11.61,3.268,3.26938,3.268,3.26938,17.344,17.344,17.344,17.344,98.35,98.45,98.12,98.18,2928.5,2928.5,2928.5,2928.5,-20.5,0
8/19/2019,1512.41,1512.41,1493.83,1495.68,-16.81,3.1528,3.19638,3.1528,3.19638,17.347,17.347,17.347,17.347,98.17,98.39,98.13,98.35,2949,2949,2949,2949,58.75,0
8/16/2019,1523.22,1526.72,1505.94,1512.49,-10.8,3.13002,3.17752,3.13002,3.17752,17.607,17.607,17.607,17.607,98.13,98.33,98.1,98.2,2890.25,2890.25,2849.25,2890.25,5.5,0
8/15/2019,1516.2,1525.25,1510.55,1523.29,7.05,3.26532,3.26532,3.26532,3.26532,16.86,16.86,16.86,16.86,97.95,98.23,97.82,98.13,2860,2884.75,2860,2884.75,44.75,2
8/14/2019,1499.33,1522.65,1495.13,1516.24,15.05,3.326,3.326,3.326,3.326,16.806,16.806,16.806,16.806,97.78,98.05,97.66,97.95,2840,2840,2840,2840,-101.5,0
8/13/2019,1511.33,1533.34,1493.99,1501.19,-10.14,3.404,3.404,3.36908,3.36908,16.692,16.692,16.692,16.692,97.47,97.84,97.31,97.78,2930.5,2941.5,2920,2941.5,-19.5,6
8/12/2019,1510.06,1513.54,1488.46,1511.33,14.32,3.3236,3.3236,3.3236,3.3236,16.611,16.611,16.611,16.611,97.53,97.73,97.31,97.38,2961,3004.75,2950,2961,-30.75,0
8/9/2019,1500.79,1507.41,1495.04,1497.01,-3.85,3.562,3.562,3.53536,3.53536,16.833,16.833,16.833,16.833,97.59,97.64,97.03,97.03,2991.75,2991.75,2983.5,2991.75,-28,0
8/8/2019,1501.01,1508.53,1491.87,1500.86,-0.13,3.488,3.55102,3.488,3.55102,16.991,16.991,16.991,16.991,97.6,97.73,97.42,97.58,3019.75,3019.75,3019.75,3019.75,-9.75,0
8/7/2019,1474.07,1508.53,1472.36,1500.99,26.95,11.552,11.60774,11.382,11.60774,16.872,16.872,16.872,16.872,97.55,97.85,97.31,97.6,3029.5,3029.5,3029.5,3029.5,-2.75,0
8/6/2019,1463.64,1474.36,1457.56,1474.04,10.39,11.418,11.464,11.38,11.424,16.826,16.826,16.825,16.826,97.23,97.77,97.2,97.55,3032.25,3032.25,3032.25,3032.25,18.25,0
8/5/2019,1440.37,1469.19,1437.15,1463.65,23.28,11.512,11.54,11.37742,11.37742,16.835,16.835,16.835,16.835,98.1,98.13,97.21,97.22,3014,3014,3014,3014,-14.25,1
8/2/2019,1444.71,1447.04,1430.52,1440.37,-4.73,11.586,11.70112,11.278,11.379,17.051,17.051,17.051,17.051,98.42,98.44,98.05,98.09,3028.25,3028.25,3028.25,3028.25,14,0
8/1/2019,1412.15,1445.17,1401.3,1445.1,33.02,11.472,11.606,11.3952,11.592,16.897,16.897,16.897,16.897,98.6,98.93,98.26,98.42,3014.25,3014.25,3014.25,3014.25,19.25,0
7/31/2019,1430.59,1432.18,1411.79,1412.08,-18.48,11.398,11.476,11.39,11.47304,16.83,16.83,16.83,16.83,98.04,98.68,98,98.6,2975,2995,2975,2995,11.5,1
7/30/2019,1426.6,1431.86,1422.46,1430.56,4.06,11.366,11.466,11.25186,11.45388,16.585,16.612,16.585,16.612,98.08,98.2,98.01,98.04,2983.5,2983.5,2983.5,2983.5,-20.25,0
7/29/2019,1418.25,1427.59,1417.71,1426.5,8.33,11.58134,11.58134,11.176,11.3467,16.616,16.616,16.616,16.616,97.99,98.16,97.89,98.08,3003.75,3003.75,3003.75,3003.75,12.75,0
7/26/2019,1414.13,1423.57,1414.04,1418.17,4.07,11.8729,11.8729,11.53,11.54434,16.393,16.393,16.393,16.393,97.8,98.08,97.76,97.9,2991,2991,2991,2991,-22,0
7/25/2019,1425.15,1432.29,1411.66,1414.1,-10.98,12.142,12.194,11.6705,11.838,16.104,16.104,16.104,16.104,97.68,97.92,97.49,97.8,3013,3013,3013,3013,-9,0
7/24/2019,1417.5,1427.63,1416.42,1425.08,7.63,12.372,12.372,12.08,12.088,15.784,15.784,15.784,15.784,97.71,97.81,97.55,97.68,3022,3022,3022,3022,1.25,0
7/23/2019,1424.6,1427.79,1414.71,1417.45,-7.11,12.262,12.3401,12.224,12.27896,15.661,15.661,15.661,15.661,97.32,97.74,97.29,97.71,3020.75,3020.75,3020.75,3020.75,12,0
7/22/2019,1425.96,1428.7,1422.59,1424.56,-0.46,12.356,12.38494,12.244,12.32926,15.625,15.625,15.572,15.572,97.14,97.33,97.12,97.33,3008.75,3008.75,3008.75,3008.75,6.25,0
7/19/2019,1445.7,1450.65,1421.76,1425.02,-20.65,12.078,12.3,12.078,12.296,15.653,15.653,15.653,15.653,96.81,97.29,96.75,97.07,3002.5,3002.5,3002.5,3002.5,16,0
7/18/2019,1426.53,1447.12,1416.18,1445.67,19.3,11.78,11.8165,11.725,11.8165,15.41,15.578,15.41,15.578,97.19,97.26,96.67,96.81,2986.5,2986.5,2967,2986.5,2.5,0
7/17/2019,1405.98,1426.62,1400.34,1426.37,20.32,11.776,11.89168,11.71,11.71144,15.48,15.48,15.48,15.48,97.36,97.44,97.16,97.19,2984,2984,2984,2984,-10.75,0
7/16/2019,1414.39,1418.09,1401.6,1406.05,-7.66,11.608,11.754,11.608,11.73018,15.46,15.46,15.365,15.43,96.93,97.43,96.91,97.36,2994.75,2994.75,2994.75,2994.75,-11,0
7/15/2019,1416.89,1417.53,1408.39,1413.71,-1.81,11.606,11.61412,11.48,11.562,15.746,15.746,15.746,15.746,96.83,96.96,96.74,96.92,3005.75,3005.75,3005.75,3005.75,21.25,0
7/12/2019,1404.2,1416.73,1403.34,1415.52,11.72,12.018,12.018,11.438,11.4792,15.647,15.647,15.647,15.647,97.11,97.11,96.72,96.72,2984.5,2984.5,2984.5,2984.5,12.75,0
7/11/2019,1418.78,1424.41,1402.79,1403.8,-14.62,12.164,12.197,11.898,12.05096,15.695,15.695,15.594,15.594,97.05,97.14,96.79,97.11,2971.75,2971.75,2971.75,2971.75,22.25,0
7/10/2019,1397.5,1418.86,1390.27,1418.42,21.11,12.098,12.1178,11.762,11.802,15.725,15.725,15.725,15.725,97.52,97.55,97.03,97.05,2949.5,2949.5,2949.5,2949.5,12.75,0
7/9/2019,1395.9,1399.73,1386.42,1397.31,2.08,12.076,12.154,12.056,12.064,15.677,15.677,15.677,15.677,97.37,97.58,97.35,97.52,2936.75,2936.75,2936.75,2936.75,13.75,0
7/8/2019,1401.09,1407.6,1392,1395.23,-3.57,12.056,12.158,12.042,12.05648,15.757,15.757,15.757,15.757,97.23,97.41,97.16,97.37,2923,2923,2923,2923,-3.75,0
7/5/2019,1413.72,1423.94,1387.59,1398.8,-15.07,11.8198,11.85,11.773,11.774,15.769,15.835,15.769,15.769,96.72,97.44,96.71,97.17,2926.75,2926.75,2926.75,2926.75,-45,0
7/4/2019,1418.4,1423,1410.66,1413.87,-4.59,11.754,11.8,11.578,11.776,15.832,15.832,15.832,15.832,96.71,96.8,96.65,96.72,2971.75,2971.75,2971.75,2971.75,2.25,0
7/3/2019,1417.91,1435.82,1413.2,1418.46,0.5,11.644,11.7363,11.634,11.73216,15.595,15.749,15.595,15.749,96.72,96.87,96.59,96.71,2969.5,2969.5,2969.5,2969.5,-11,0
7/2/2019,1382.7,1420.72,1382.7,1417.96,34.38,11.482,11.6629,11.411,11.636,15.84,15.943,15.84,15.943,96.81,96.87,96.6,96.72,2980.5,2980.5,2980.5,2980.5,26,0
7/1/2019,1411.29,1414.4,1382.1,1383.58,-25.76,10.964,11.1146,10.92,11.1146,15.419,15.419,15.419,15.419,96.25,96.86,96.25,96.81,2954.5,2954.5,2954.5,2954.5,8.5,0
6/28/2019,1409.29,1422.89,1406.6,1409.34,0.12,10.784,11.07196,10.784,11.0494,15.454,15.454,15.454,15.454,96.19,96.3,96.02,96.13,2946,2946.1,2946,2946,29.75,0
6/27/2019,1408.96,1411,1400.63,1409.22,0.59,10.654,10.732,10.558,10.6176,15.294,15.294,15.294,15.294,96.17,96.38,96.13,96.19,2916.25,2916.3,2916.25,2916.25,1.75,0
6/26/2019,1422.9,1423.79,1403.17,1408.63,-14.46,10.744,10.814,10.684,10.75,15.269,15.269,15.269,15.269,96.17,96.34,96.06,96.17,2914.5,2914.5,2914.4,2914.5,-1.75,0
6/25/2019,1419.2,1438.43,1412.42,1423.09,3.57,10.874,10.874,10.658,10.6685,15.352,15.352,15.352,15.352,95.99,96.36,95.84,96.17,2916.25,2916.3,2916.25,2916.25,11.45,0
6/24/2019,1401.69,1420.98,1399.1,1419.52,20.42,10.694,10.694,10.4,10.42948,15.223,15.223,15.223,15.223,96.18,96.2,95.97,95.99,2904.8,2904.8,2904.75,2904.8,-5.45,0
6/21/2019,1388.28,1411.23,1383.02,1399.1,10.94,11.026,11.026,10.88,10.89814,15.222,15.222,15.222,15.222,96.61,96.71,96.09,96.09,2910.25,2910.3,2910.25,2910.25,-4.35,0
6/20/2019,1359.9,1393.29,1333.4,1388.16,28.22,11.032,11.11602,10.84544,10.89442,15.124,15.124,15.124,15.124,97.18,97.19,96.56,96.61,,,,,,
6/19/2019,1346.21,1362.15,1341.63,1359.94,13.52,10.75796,11.0678,10.75796,11.038,15.514,15.514,15.514,15.514,97.63,97.67,97.08,97.18,,,,,,
6/18/2019,1339.76,1354.09,1333.4,1346.42,6.92,10.548,10.892,10.46,10.86688,15.383,15.383,15.383,15.383,97.51,97.76,97.36,97.63,,,,,,
6/17/2019,1343.89,1343.89,1333.07,1339.5,-1.7,10.672,10.799,10.4,10.57,15.276,15.276,15.276,15.276,97.52,97.6,97.34,97.51,,,,,,
6/14/2019,1341.9,1357.92,1333.4,1341.2,-0.6,10.862,10.966,10.768,10.938,15.275,15.275,15.275,15.275,97.01,97.58,96.94,97.44,,,,,,
6/13/2019,1333.32,1343.03,1332.56,1341.8,8.3,11.106,11.1061,10.776,10.79296,15.249,15.249,15.249,15.249,96.95,97.08,96.87,97.01,,,,,,
6/12/2019,1327.19,1338.25,1326.27,1333.5,6.81,11.246,11.266,10.844,10.87648,15.081,15.081,15.081,15.081,96.69,97.01,96.58,96.95,,,,,,
6/11/2019,1328.15,1329.85,1320.05,1326.69,-1.1,12.044,12.066,11.504,11.5419,15.009,15.009,15.009,15.009,96.73,96.88,96.64,96.69,,,,,,
6/10/2019,1340.79,1340.79,1325.33,1327.79,-12.43,11.762,12.028,11.63,12.014,14.9,14.924,14.9,14.924,96.64,96.93,96.63,96.73,,,,,,
6/7/2019,1335.17,1347.89,1330.48,1340.22,4.76,12.144,12.144,12.026,12.026,14.855,14.86,14.844,14.844,97.02,97.17,96.45,96.56,,,,,,
6/6/2019,1330.31,1339.71,1327.34,1335.46,5.36,12.04,12.04,11.75,12.018,15.08,15.08,15.08,15.08,97.3,97.35,96.78,97.02,,,,,,
6/5/2019,1324.8,1343.68,1324.42,1330.1,4.64,12.118,12.144,11.718,11.822,15.136,15.136,15.136,15.136,97.13,97.37,96.74,97.3,,,,,,
6/4/2019,1324.69,1329.03,1320.36,1325.46,0.8,12.744,12.768,12.465,12.5033,14.974,14.974,14.974,14.974,97.21,97.33,96.99,97.13,,,,,,
6/3/2019,1308.39,1327.63,1305.37,1324.66,19.22,12.868,12.917,12.868,12.884,14.937,14.937,14.937,14.937,97.63,97.8,97.1,97.21,,,,,,
5/31/2019,1288.6,1306.84,1287.9,1305.44,17.11,12.892,12.9738,12.83,12.912,14.971,14.971,14.971,14.971,98.15,98.17,97.6,97.6,,,,,,
5/30/2019,1279.85,1292.4,1275.26,1288.33,8.37,12.912,13.014,12.82,12.83566,14.912,14.912,14.912,14.912,98.12,98.28,98.08,98.15,,,,,,
5/29/2019,1279.58,1292.4,1278.84,1279.96,0.69,12.86,12.992,12.86,12.90638,15.065,15.065,15.065,15.065,97.91,98.2,97.86,98.12,,,,,,
5/28/2019,1284.8,1292.4,1276.38,1279.27,-5.84,12.538,12.75,12.538,12.742,15.337,15.337,15.337,15.337,97.73,97.97,97.69,97.91,,,,,,
5/27/2019,1285.61,1287.31,1283.86,1285.11,0.44,12.614,12.682,12.588,12.6269,15.344,15.344,15.344,15.344,97.56,97.79,97.54,97.73,,,,,,
5/24/2019,1283.43,1285.15,1280.89,1284.67,1.36,12.878,12.924,12.42084,12.4356,15.315,15.315,15.315,15.315,97.84,97.9,97.54,97.6,,,,,,
5/23/2019,1272.17,1287.02,1272.17,1283.31,11.17,12.6,12.66714,12.58,12.588,15.334,15.334,15.334,15.334,98.07,98.37,97.8,97.84,,,,,,
5/22/2019,1275.2,1277.27,1269.5,1272.14,-2.58,12.578,12.59,12.49952,12.57866,15.318,15.318,15.318,15.318,98.01,98.12,97.89,98.07,,,,,,
5/21/2019,1277.68,1297.4,1269.73,1274.72,-3.94,12.54012,12.696,12.54012,12.65392,15.408,15.408,15.408,15.408,97.94,98.13,97.82,98.01,,,,,,
5/20/2019,1278.29,1278.91,1273.99,1278.66,1.02,12.56,12.588,12.408,12.512,15.484,15.484,15.484,15.484,97.95,98.03,97.88,97.94,,,,,,
5/17/2019,1286.71,1288.77,1275.25,1277.64,-8.67,12.566,12.84602,12.566,12.834,15.498,15.498,15.498,15.498,97.84,98.03,97.76,98.01,,,,,,
5/16/2019,1296.6,1298.63,1284.45,1286.31,-11.09,12.654,12.72794,12.634,12.634,15.555,15.555,15.555,15.555,97.54,97.88,97.44,97.84,,,,,,
5/15/2019,1297.12,1300.85,1292.94,1297.4,-0.3,12.676,12.676,12.462,12.586,15.192,15.192,15.192,15.192,97.54,97.7,97.43,97.54,,,,,,
5/14/2019,1299.8,1311.4,1293.92,1297.7,-3.3,13.036,13.05,12.852,12.99092,15.303,15.303,15.303,15.303,97.3,97.55,97.27,97.54,,,,,,
5/13/2019,1285.64,1301.22,1282.19,1301,15.16,13.112,13.112,12.95336,13.05348,15.554,15.554,15.554,15.554,97.3,97.38,97.02,97.3,,,,,,
5/10/2019,1284.32,1289.2,1283.2,1285.84,2.39,12.92,13.002,12.848,12.988,15.498,15.498,15.498,15.498,97.44,97.45,97.13,97.32,,,,,,
5/9/2019,1280.82,1287.44,1279.56,1283.45,2.91,13.144,13.144,12.72,12.854,15.664,15.664,15.664,15.664,97.57,97.7,97.23,97.44,,,,,,
5/8/2019,1288.4,1290.9,1279.68,1280.54,-3.73,13.44,13.44,13.27374,13.27374,15.533,15.533,15.533,15.533,97.58,97.67,97.41,97.57,,,,,,
5/7/2019,1280.38,1285.3,1278.33,1284.27,3.99,13.56,13.574,13.424,13.428,15.576,15.576,15.576,15.576,97.52,97.74,97.38,97.58,,,,,,
5/6/2019,1279.19,1285.14,1277.33,1280.28,1.48,13.488,13.586,13.462,13.54502,15.39,15.456,15.39,15.456,97.56,97.7,97.46,97.52,,,,,,
5/3/2019,1270.64,1281.99,1269.33,1278.8,8.28,13.374,13.47,13.36802,13.43,15.645,15.645,15.645,15.645,97.83,98.1,97.4,97.47,,,,,,
5/2/2019,1276.64,1277.73,1266.76,1270.52,-5.93,12.884,13.08474,12.884,13.08474,15.631,15.631,15.631,15.631,97.61,97.85,97.51,97.83,,,,,,
5/1/2019,1283.21,1286.51,1275.42,1276.45,-7.13,13.114,13.212,13.03318,13.03756,15.612,15.612,15.612,15.612,97.51,97.72,97.14,97.61,,,,,,
4/30/2019,1287.6,1287.6,1279.86,1283.58,4.02,12.992,13.13158,12.92696,13.13158,15.601,15.601,15.601,15.601,97.84,97.89,97.43,97.51,,,,,,
4/29/2019,1287.29,1287.29,1278.1,1279.56,-6.25,12.99,13.034,12.922,12.99802,15.666,15.666,15.666,15.666,98.03,98.1,97.83,97.84,,,,,,
4/26/2019,1276.9,1288.37,1276.9,1285.81,8.54,13.122,13.14,13.05134,13.05144,15.654,15.654,15.654,15.654,98.14,98.33,97.85,98.05,,,,,,
4/25/2019,1275.61,1281.82,1273.33,1277.27,1.87,13.092,13.09416,12.97112,13.01798,15.552,15.552,15.552,15.552,98.08,98.32,97.98,98.14,,,,,,
4/24/2019,1272,1277.66,1268.75,1275.4,3.22,13.128,13.242,13.112,13.162,15.939,15.939,15.939,15.939,97.59,98.18,97.58,98.08,,,,,,
4/23/2019,1274.85,1276.09,1266.61,1272.18,-2.51,13.102,13.104,13.02,13.08,15.904,15.904,15.904,15.904,97.28,97.77,97.28,97.59,,,,,,
4/22/2019,1276.89,1279.43,1273.86,1274.69,-0.65,13,13.166,13,13.15,15.911,15.911,15.911,15.911,97.37,97.41,97.25,97.29,,,,,,
4/18/2019,1272.32,1277.26,1271.27,1275.34,1.53,12.758,12.928,12.748,12.91608,15.776,15.776,15.776,15.776,97.42,97.42,97.33,97.37,,,,,,
4/17/2019,1276.77,1279.2,1273.16,1273.81,-3.1,12.734,12.766,12.68006,12.68304,15.769,15.769,15.769,15.769,97.02,97.48,96.95,97.42,,,,,,
4/16/2019,1272.7,1288.43,1272.7,1276.91,-10.65,12.766,12.82,12.684,12.75,15.788,15.788,15.788,15.788,97.07,97.11,96.81,97.02,,,,,,
4/15/2019,1292.29,1292.29,1282.67,1287.56,-2.74,12.662,12.8,12.66,12.784,15.749,15.749,15.749,15.749,96.91,97.09,96.88,97.07,,,,,,
4/12/2019,1290.94,1295.22,1290.3,1290.3,-1.88,12.39,12.596,12.356,12.572,15.773,15.773,15.773,15.773,96.92,96.96,96.78,96.91,,,,,,
4/11/2019,1307.92,1308.87,1289.99,1292.18,-15.61,12.326,12.326,12.236,12.262,15.782,15.782,15.782,15.782,97.14,97.17,96.74,96.85,,,,,,
4/10/2019,1303.96,1310.17,1301.24,1307.79,3.97,11.954,12.11774,11.954,12.11774,15.639,15.639,15.639,15.639,96.9,97.19,96.87,97.14,,,,,,
4/9/2019,1297.01,1305.71,1296.6,1303.82,6.96,12.257,12.257,12.11342,12.11342,15.969,15.969,15.969,15.969,97,97.21,96.85,96.9,,,,,,
4/8/2019,1292.79,1303.15,1290.09,1296.86,5.43,12.28,12.288,12.212,12.24472,16.113,16.113,16.113,16.113,97.08,97.08,96.85,97,,,,,,
4/5/2019,1293.9,1293.9,1284.85,1291.43,-0.65,11.974,12.046,11.89,12.02644,16.248,16.248,16.248,16.248,97.39,97.39,96.98,97.08,,,,,,
4/4/2019,1289.83,1293.78,1281.12,1292.08,2.35,12.082,12.082,11.923,12.0149,16.09,16.09,16.09,16.09,97.3,97.46,97.18,97.36,,,,,,
4/3/2019,1292.4,1293.93,1288.52,1289.73,-2.59,12.264,12.27,12.19926,12.20342,16.225,16.375,16.133,16.133,97.03,97.33,97.01,97.3,,,,,,
4/2/2019,1287.58,1292.32,1285.45,1292.32,5.1,12.042,12.2866,12.03202,12.2597,16.016,16.016,16.016,16.016,97.31,97.32,96.96,97.03,,,,,,
4/1/2019,1293.09,1296.54,1286.75,1287.22,-4.77,12.166,12.188,12.05002,12.05476,16.072,16.072,16.072,16.072,97.33,97.51,97.27,97.31,,,,,,
3/29/2019,1290.27,1299.25,1287.19,1291.99,2.05,11.99,12.124,11.99,12.084,16.023,16.023,16.023,16.023,97.17,97.39,97.03,97.33,,,,,,
3/28/2019,1309.55,1311.84,1288.72,1289.94,-19.6,11.886,12,11.876,11.97,16.026,16.026,16.026,16.026,97.19,97.34,97,97.21,,,,,,
3/27/2019,1315.59,1318.61,1308.26,1309.54,-5.69,12,12.032,11.98,12,15.872,15.872,15.872,15.872,96.96,97.3,96.82,97.19,,,,,,
3/26/2019,1321.79,1322.78,1312.77,1315.23,-6.57,11.822,11.97312,11.816,11.96528,16.162,16.162,16.162,16.162,96.76,96.97,96.68,96.96,,,,,,
3/25/2019,1315,1323.61,1311.04,1321.8,8.66,11.734,11.788,11.654,11.66584,16.118,16.118,16.118,16.118,96.5,96.84,96.45,96.76,,,,,,
3/22/2019,1309.3,1314.16,1306.86,1313.14,4.6,11.646,11.68,11.59,11.644,15.979,15.979,15.979,15.979,96.63,96.68,96.41,96.5,,,,,,
3/21/2019,1312.46,1319.81,1303.98,1308.54,-3.75,11.274,11.51052,11.202,11.51052,16.053,16.053,16.053,16.053,96.33,96.8,96.21,96.56,,,,,,
3/20/2019,1302.7,1315.44,1299.65,1312.29,5.92,11.556,11.63,11.54,11.5974,15.741,15.741,15.741,15.741,95.91,96.62,95.83,96.33,,,,,,
3/19/2019,1303.54,1310.28,1302.64,1306.37,3.25,11.482,11.54,11.4,11.522,15.784,15.784,15.784,15.784,96.38,96.57,95.74,95.91,,,,,,
3/18/2019,1303.7,1306.11,1298.34,1303.12,1.12,11.682,11.682,11.564,11.588,15.855,15.855,15.81,15.81,96.5,96.52,96.29,96.38,,,,,,
3/15/2019,1296.06,1305.85,1294.03,1302,5.88,11.646,11.66,11.518,11.596,15.811,15.811,15.811,15.811,96.56,96.62,96.37,96.5,,,,,,
3/14/2019,1308.98,1310.06,1293.43,1296.12,-13.16,11.7782,11.8,11.392,11.439,15.962,15.962,15.962,15.962,96.73,96.78,96.48,96.48,,,,,,
3/13/2019,1301.47,1310.99,1300.5,1309.28,8.17,11.69,11.748,11.668,11.726,16.336,16.336,16.336,16.336,96.5,96.82,96.47,96.73,,,,,,
3/12/2019,1293.44,1301.79,1292.04,1301.11,7.88,11.622,11.754,11.564,11.686,16.469,16.469,16.469,16.469,97.01,97.02,96.38,96.5,,,,,,
3/11/2019,1298.3,1298.77,1290.58,1293.23,-4.94,11.374,11.44,11.34,11.408,16.623,16.623,16.623,16.623,97.02,97.27,96.85,97.01,,,,,,
3/8/2019,1285.54,1300.26,1285.21,1298.17,13.27,11.51,11.53,11.296,11.36,16.62,16.62,16.62,16.62,97.38,97.45,96.91,97.02,,,,,,
3/7/2019,1286.21,1288.25,1282.12,1284.9,-1.24,11.778,11.822,11.716,11.73,16.695,16.695,16.695,16.695,97.61,97.63,97.24,97.35,,,,,,
3/6/2019,1287.65,1290.49,1283.9,1286.14,-1.33,11.674,11.68,11.618,11.642,16.59,16.59,16.59,16.59,96.83,97.71,96.81,97.59,,,,,,
3/5/2019,1286.66,1289.15,1282.02,1287.47,0.99,11.568,11.782,11.566,11.71,16.967,16.967,16.967,16.967,96.89,96.99,96.78,96.87,,,,,,
3/4/2019,1294.69,1296.77,1283.13,1286.48,-6.86,11.428,11.584,11.428,11.584,16.754,16.754,16.754,16.754,96.67,97,96.66,96.89,,,,,,
3/1/2019,1313.27,1314.78,1290.3,1293.34,-19.72,11.41,11.506,11.356,11.498,16.529,16.529,16.529,16.529,96.34,96.81,96.33,96.64,,,,,,
2/28/2019,1319.74,1326.7,1312.63,1313.06,-6.56,11.054,11.256,10.986,11.24,16.31,16.31,16.31,16.31,96.22,96.55,96.07,96.43,,,,,,
2/27/2019,1328.94,1329.57,1317.36,1319.62,-9.16,11.1,11.25,11.1,11.136,16.431,16.431,16.431,16.431,96.08,96.28,95.82,96.22,,,,,,
2/26/2019,1327.36,1329.83,1323.58,1328.78,1.54,11.104,11.118,10.954,10.954,16.482,16.482,16.482,16.482,96.06,96.19,95.88,96.11,,,,,,
2/25/2019,1334.55,1334.55,1325.66,1327.24,-0.49,10.654,10.81,10.588,10.794,16.487,16.487,16.487,16.487,96.39,96.46,95.94,96.03,,,,,,
2/22/2019,1323.41,1332.6,1321.95,1327.73,4.54,10.884,10.896,10.82,10.86,16.607,16.607,16.607,16.607,96.51,96.6,96.31,96.41,,,,,,
2/21/2019,1338.35,1340.82,1322.51,1323.19,-15.06,11.042,11.064,10.7,10.85,16.508,16.508,16.508,16.508,96.58,96.78,96.42,96.48,,,,,,
2/20/2019,1341.19,1346.45,1335.61,1338.25,-2.84,10.996,11.18,10.934,11.13,16.493,16.493,16.493,16.493,96.49,96.66,96.36,96.6,,,,,,
2/19/2019,1326.21,1341.28,1322.63,1341.09,14.85,11.082,11.232,11.04,11.076,16.628,16.628,16.628,16.628,96.52,96.64,96.28,96.51,,,,,,
2/18/2019,1321.14,1330.04,1320.5,1326.24,4.99,11.192,11.3,11.002,11.278,16.678,16.678,16.678,16.678,96.81,97.08,96.42,96.52,,,,,,
2/15/2019,1312.3,1321.82,1310.29,1321.25,9.34,11.204,11.472,11.204,11.42,16.718,16.718,16.718,16.718,96.8,96.9,96.65,96.77,,,,,,
2/14/2019,1306.29,1313.94,1303.16,1311.91,6.43,11.286,11.398,11.074,11.118,16.857,16.857,16.857,16.857,97.05,97.36,96.83,96.92,,,,,,
2/13/2019,1310.76,1317.39,1305.07,1305.48,-5.21,11.136,11.31,11.098,11.19,16.712,16.712,16.712,16.712,97.13,97.28,96.94,97.01,,,,,,
2/12/2019,1308.12,1314.37,1306.46,1310.69,2.78,10.908,11.1,10.908,10.988,16.624,16.624,16.624,16.624,96.73,97.26,96.63,97.2,,,,,,
2/11/2019,1314.89,1314.89,1303.72,1307.91,-6.06,10.724,10.758,10.58,10.744,16.542,16.542,16.542,16.542,97.06,97.19,96.65,96.69,,,,,,
2/8/2019,1310.06,1315.34,1307,1313.97,3.99,10.996,11.09,10.96,11.034,16.474,16.474,16.474,16.474,96.66,97.11,96.61,97.07,,,,,,
2/7/2019,1306.52,1311.51,1302.62,1309.98,3.7,10.9,11.004,10.852,10.962,16.063,16.063,16.063,16.063,96.6,96.69,96.45,96.63,,,,,,
2/6/2019,1315.14,1315.53,1305.69,1306.28,-10.04,10.956,10.974,10.72,10.838,16.144,16.144,16.144,16.144,96.39,96.67,96.37,96.56,,,,,,
2/5/2019,1312.04,1316.66,1310.62,1316.32,4.87,10.886,10.93,10.735,10.93,16.084,16.084,16.084,16.084,96.05,96.42,96.03,96.38,,,,,,
2/4/2019,1317.53,1318.27,1308.86,1311.45,-6.2,10.912,11.152,10.868,11.102,16.163,16.163,16.163,16.163,95.82,96.12,95.81,96.07,,,,,,
2/1/2019,1319.6,1322.84,1316.14,1317.65,-3.22,10.678,10.876,10.594,10.848,16.303,16.303,16.303,16.303,95.6,95.91,95.57,95.83,,,,,,
1/31/2019,1319.73,1325.74,1317.54,1320.87,1.41,10.75,10.864,10.742,10.842,16.403,16.403,16.403,16.403,95.55,95.65,95.4,95.61,,,,,,
1/30/2019,1311.5,1322.49,1309.28,1319.46,8.06,10.65,10.81,10.65,10.81,16.384,16.384,16.384,16.384,95.35,95.61,95.16,95.55,,,,,,
1/29/2019,1303.25,1311.81,1302.54,1311.4,8.3,10.612,10.712,10.476,10.476,16.452,16.452,16.452,16.452,95.79,95.98,95.25,95.4,,,,,,
1/28/2019,1301.41,1304.04,1297.74,1303.1,-0.83,10.77,10.778,10.652,10.698,16.418,16.418,16.418,16.418,95.73,95.86,95.62,95.8,,,,,,
1/25/2019,1281.05,1304.25,1279.8,1303.93,23.1,10.694,10.916,10.674,10.896,16.406,16.406,16.406,16.406,95.78,95.91,95.63,95.75,,,,,,
1/24/2019,1282.77,1284.45,1277.39,1280.83,-1.75,10.596,10.876,10.516,10.818,16.494,16.494,16.494,16.494,96.48,96.52,95.73,95.81,,,,,,
1/23/2019,1285.02,1286.22,1278.81,1282.58,-2.29,10.228,10.308,10.176,10.294,16.471,16.471,16.471,16.471,96.07,96.67,96.04,96.56,,,,,,
1/22/2019,1279.85,1285.14,1277.24,1284.87,5.05,10.068,10.286,10.04,10.088,16.505,16.505,16.505,16.505,96.31,96.37,96.04,96.11,,,,,,
1/21/2019,1281.42,1283.31,1276.84,1279.82,-1.5,9.98,10.192,9.87,9.994,16.536,16.536,16.536,16.536,96.33,96.48,96.21,96.29,,,,,,
1/18/2019,1291.92,1292.2,1280.42,1281.32,-10.38,9.8,9.804,9.492,9.76,16.548,16.548,16.548,16.548,96.34,96.43,96.2,96.32,,,,,,
1/17/2019,1293.49,1294.95,1289.22,1291.7,-1.71,9.238,9.886001,9.198001,9.656,16.396,16.396,16.396,16.396,96.07,96.39,96,96.36,,,,,,
1/16/2019,1289.3,1294.61,1287.92,1293.41,4.26,9.444,9.506,9.3,9.492,16.284,16.284,16.284,16.284,96.06,96.26,95.98,96.07,,,,,,
1/15/2019,1291.48,1294.38,1287.05,1289.15,-2.01,9.36,9.414001,9.206,9.338,16.181,16.181,16.181,16.181,95.94,96.17,95.85,96.07,,,,,,
1/14/2019,1287.29,1295.44,1287.29,1291.16,3.86,9.401999,9.472,9.222,9.43,16.058,16.058,16.058,16.058,95.57,96.26,95.46,95.96,,,,,,
1/11/2019,1286.01,1294.83,1286.01,1287.3,1.31,9.056,9.726001,9.056,9.726001,15.875,15.875,15.875,15.875,95.65,95.72,95.48,95.58,,,,,,
1/10/2019,1292.92,1296.77,1285.94,1285.99,-6.85,9.400001,9.400001,9.116,9.116,15.565,15.565,15.565,15.565,95.43,95.75,95.19,95.66,,,,,,
1/9/2019,1285.31,1293.5,1280.1,1292.84,7.69,9.456,9.586,9.372001,9.400001,15.451,15.451,15.451,15.451,95.15,95.61,95.02,95.55,,,,,,
1/8/2019,1289.04,1289.68,1279.56,1285.15,-3.64,9.614,9.672,9.482,9.542,15.623,15.623,15.623,15.623,95.81,95.92,95.11,95.14,,,,,,
1/7/2019,1284.01,1294.51,1282.49,1288.79,4.19,9.77,9.978,9.748,9.822001,15.572,15.572,15.572,15.572,95.69,96.02,95.68,95.9,,,,,,
1/4/2019,1294.17,1297.9,1277.14,1284.6,-9.37,10.222,10.222,9.57,9.616,15.455,15.455,15.455,15.455,96.16,96.16,95.63,95.65,,,,,,
1/3/2019,1284.01,1294.19,1284.01,1293.97,9.87,10.674,10.674,10.228,10.254,15.513,15.513,15.513,15.513,96.27,96.61,96.04,96.19,,,,,,
1/2/2019,1282.62,1288.32,1278.63,1284.1,1.74,10.884,10.884,10.604,10.616,15.39,15.39,15.39,15.39,96.71,96.75,96.2,96.27,,,,,,
12/31/2018,1279.61,1283.79,1277.26,1282.36,1.84,10.53,11.024,10.53,11.006,15.611,15.611,15.611,15.611,96.14,96.95,95.82,96.66,,,,,,
12/28/2018,1275.58,1281.42,1274.14,1280.52,2.59,10.88,10.912,10.61,10.616,15.61,15.61,15.61,15.61,96.4,96.51,95.99,96.02,,,,,,
12/27/2018,1274.24,1278.53,1271.51,1277.93,10.85,10.84,10.89,10.682,10.74,15.391,15.391,15.391,15.391,96.51,96.51,96.18,96.39,,,,,,
12/26/2018,1276.09,1278.49,1264.77,1267.08,-1.88,10.668,10.802,10.514,10.56,15.368,15.368,15.368,15.368,96.91,96.93,96.41,96.57,,,,,,
12/24/2018,1256.69,1269.66,1256.69,1268.96,13.62,11.124,11.276,10.878,10.896,15.476,15.476,15.476,15.476,96.58,97.11,96.52,97.01,,,,,,
12/21/2018,1259.6,1262.36,1254,1255.34,-4.93,10.65,10.758,10.412,10.73,15.295,15.295,15.295,15.295,96.93,96.93,96.37,96.59,,,,,,
12/20/2018,1242.6,1265.93,1242.6,1260.27,17.51,11.034,11.108,10.96,10.984,15.373,15.373,15.373,15.373,96.38,97.04,96.24,96.95,,,,,,
12/19/2018,1249.52,1257.47,1241.62,1242.76,-6.54,11.076,11.076,10.862,11.046,15.43,15.43,15.43,15.43,96.98,97.04,96.16,96.39,,,,,,
12/18/2018,1245.73,1249.87,1244.91,1249.3,3.79,10.434,10.706,10.344,10.504,15.294,15.294,15.294,15.294,96.91,97.1,96.55,96.97,,,,,,
12/17/2018,1238.22,1247.64,1235.69,1245.51,7.36,10.66,10.82,10.586,10.646,15.007,15.007,15.007,15.007,97.13,97.16,96.69,96.98,,,,,,
12/14/2018,1241.86,1242.75,1232.98,1238.15,-3.63,10.656,10.824,10.402,10.448,15.195,15.195,15.195,15.195,97.43,97.45,97.05,97.12,,,,,,
12/13/2018,1245.48,1246.47,1240.75,1241.78,-2.61,10.888,10.888,10.462,10.754,15.25,15.25,15.25,15.25,97.08,97.71,97.08,97.42,,,,,,
12/12/2018,1243,1246.67,1242.01,1244.39,1.78,10.742,10.814,10.69,10.726,15.016,15.016,15.016,15.016,97.04,97.29,96.87,97.09,,,,,,
12/11/2018,1244.3,1249.24,1240.89,1242.61,-1.52,10.66,10.66,10.538,10.64,15.145,15.145,15.145,15.145,97.38,97.49,96.89,96.99,,,,,,
12/10/2018,1246.01,1250.05,1241.71,1244.13,-4.33,11.302,11.488,11.26,11.28,15.168,15.168,15.168,15.168,97.18,97.54,96.87,97.45,,,,,,
12/7/2018,1237.89,1249.66,1237.01,1248.46,10.68,11.746,11.746,10.954,11.052,15.424,15.424,15.424,15.424,96.71,97.24,96.36,97.19,,,,,,
12/6/2018,1237.12,1243.58,1234.69,1237.78,0.73,11.642,11.988,11.488,11.89,15.182,15.182,15.182,15.182,96.8,96.92,96.51,96.71,,,,,,
12/5/2018,1238.47,1239,1233.44,1237.05,-1.35,12.068,12.07,11.718,11.794,15.324,15.324,15.324,15.324,97.01,97.2,96.55,96.77,,,,,,
12/4/2018,1230.56,1241.33,1230.45,1238.4,7.81,11.798,11.854,11.754,11.754,15.307,15.307,15.307,15.307,97,97.2,96.82,96.99,,,,,,
12/3/2018,1221.41,1234.33,1221.3,1230.59,8.88,11.782,11.904,11.686,11.686,15.187,15.187,15.187,15.187,96.93,97.12,96.37,96.95,,,,,,
11/30/2018,1224.22,1225.31,1216.82,1221.71,-2.45,11.982,12.034,11.434,11.458,14.997,14.997,14.997,14.997,97.13,97.16,96.71,96.94,,,,,,
11/29/2018,1220.61,1227.65,1220.27,1224.16,3.29,12.67,12.67,12.234,12.234,14.894,14.894,14.894,14.894,96.76,97.31,96.71,97.19,,,,,,
11/28/2018,1214.79,1224.35,1211.24,1220.87,6.1,12.35,12.488,12.34,12.488,14.928,14.928,14.928,14.928,96.84,97,96.62,96.78,,,,,,
11/27/2018,1231.4,1231.4,1211.77,1214.77,-7.38,12.732,12.732,12.596,12.596,15.053,15.053,15.053,15.053,97.37,97.53,96.68,96.83,,,,,,
11/26/2018,1223.69,1227.63,1221.51,1222.15,-0.99,13.006,13.006,12.75,12.796,15.333,15.333,15.333,15.333,97.03,97.49,96.97,97.36,,,,,,
11/23/2018,1226.6,1228.32,1220.38,1223.14,-3.04,13.13,13.13,12.818,12.902,15.476,15.476,15.476,15.476,96.93,97.09,96.65,97.05,,,,,,
11/22/2018,1225.82,1228.76,1224.77,1226.18,0.51,13.238,13.238,13.006,13.04,15.398,15.398,15.398,15.398,96.51,96.97,96.4,96.94,,,,,,
11/21/2018,1221.76,1229.4,1219.65,1225.67,4.19,13.154,13.16,13.078,13.078,15.54,15.54,15.54,15.54,96.71,96.72,96.31,96.49,,,,,,
11/20/2018,1223.94,1228.18,1220.15,1221.48,-3.35,13.464,13.464,13.178,13.186,15.646,15.646,15.646,15.646,96.82,96.86,96.49,96.71,,,,,,
11/19/2018,1221.34,1225.09,1218.02,1224.83,3.67,13.746,13.746,13.534,13.536,15.664,15.664,15.664,15.664,96.2,96.89,96.04,96.81,,,,,,
11/16/2018,1213.22,1224.82,1213.03,1221.16,8.38,13.586,13.78,13.586,13.756,15.16,15.16,15.16,15.16,96.42,96.57,96.12,96.16,,,,,,
11/15/2018,1210.78,1215.56,1208.17,1212.78,2,13.944,13.994,13.828,13.828,15.187,15.187,15.187,15.187,97.05,97.05,96.39,96.42,,,,,,
11/14/2018,1202.07,1215.29,1197.6,1210.78,8.81,13.832,14.03,13.82,14.03,14.997,14.997,14.997,14.997,97,97.38,96.76,97.1,,,,,,
11/13/2018,1200.43,1204.77,1196.39,1201.97,1.71,13.938,13.992,13.938,13.972,14.894,14.894,14.894,14.894,97.02,97.4,96.74,96.98,,,,,,
11/12/2018,1209.33,1211.17,1200.14,1200.26,-9.11,13.928,13.94,13.788,13.792,14.928,14.928,14.928,14.928,97.59,97.66,96.93,96.95,,,,,,
11/9/2018,1223.45,1223.45,1206.86,1209.37,-13.95,14.098,14.098,13.662,13.83,15.053,15.053,15.053,15.053,97.05,97.69,96.96,97.64,,,,,,
11/8/2018,1226.61,1226.8,1220.22,1223.32,-2.95,14.36,14.374,14.344,14.344,15.333,15.333,15.333,15.333,96.63,97.01,96.62,96.9,,,,,,
11/7/2018,1227.05,1235.3,1224.22,1226.27,-0.58,14.306,14.306,14.306,14.306,15.476,15.476,15.476,15.476,96.19,96.73,96.06,96.63,,,,,,
11/6/2018,1231.37,1235.6,1223.54,1226.85,-4.48,14.242,14.454,14.228,14.306,15.398,15.398,15.398,15.398,95.99,96.46,95.67,96.16,,,,,,
11/5/2018,1231.91,1234.63,1226.94,1231.33,-1.41,14.508,14.572,14.46,14.526,15.54,15.54,15.54,15.54,96.33,96.44,96.14,96.26,,,,,,
11/2/2018,1233.38,1236,1230.11,1232.74,-0.17,14.83,14.956,14.806,14.886,15.646,15.646,15.646,15.646,96.44,96.67,96.24,96.31,,,,,,
11/1/2018,1214.65,1236.89,1214.61,1232.91,18.51,14.818,14.818,14.812,14.812,15.664,15.664,15.664,15.664,96.32,96.59,95.98,96.49,,,,,,
10/31/2018,1222.94,1223.09,1212.26,1214.4,-8.58,14.808,14.808,14.808,14.808,15.16,15.16,15.16,15.16,97.09,97.11,96.19,96.32,,,,,,
10/30/2018,1229.36,1230.28,1219.85,1222.98,-6.3,14.87,14.9,14.654,14.66,,,,,96.99,97.2,96.87,97.09,,,,,,
10/29/2018,1235.4,1235.4,1224.9,1229.28,-1.62,15.488,15.488,15.064,15.076,,,,,96.65,97.02,96.62,96.99,,,,,,
10/26/2018,1232.19,1241.88,1229.96,1230.9,1.52,15.516,15.522,15.486,15.512,,,,,96.44,96.7,96.34,96.65,,,,,,
10/25/2018,1233.36,1238.72,1227.96,1229.38,-3.75,15.306,15.374,15.306,15.368,,,,,96.58,96.86,96.28,96.31,,,,,,
10/24/2018,1230.34,1233.59,1225.68,1233.13,3.06,15.5,15.502,15.398,15.404,,,,,96.34,96.73,96.2,96.58,,,,,,
10/23/2018,1222.11,1239.02,1221.49,1230.07,8.23,15.656,15.674,15.334,15.408,,,,,95.94,96.53,95.9,96.34,,,,,,
10/22/2018,1227.29,1229.13,1220.3,1221.84,-4.28,15.45,15.844,15.426,15.814,,,,,96.02,96.15,95.8,95.94,,,,,,
10/19/2018,1225.62,1230.21,1223.21,1226.12,0.33,15.668,15.668,15.55,15.55,,,,,95.65,96.09,95.46,96.02,,,,,,
10/18/2018,1222.1,1229.67,1218.57,1225.79,3.73,15.262,15.666,15.262,15.63,,,,,95.96,96.09,95.54,95.64,,,,,,
10/17/2018,1224.74,1229,1220.61,1222.06,-2.49,14.972,15.266,14.972,15.14,,,,,95.64,95.99,95.48,95.96,,,,,,
10/16/2018,1226.86,1231.85,1223.65,1224.55,-2.44,14.884,14.95,14.884,14.948,,,,,95.08,95.66,95.05,95.64,,,,,,
10/15/2018,1217.69,1232.71,1217.36,1226.99,9.25,14.876,14.922,14.796,14.814,,,,,95.06,95.2,94.78,95.08,,,,,,
10/12/2018,1224.39,1224.39,1215.8,1217.74,-7.03,15.008,15.022,14.93,14.974,,,,,95.34,95.37,94.95,95.06,,,,,,
10/11/2018,1194.31,1225.38,1191.21,1224.77,30.43,14.952,15.012,14.894,14.944,,,,,95.03,95.37,94.95,95.23,,,,,,
10/10/2018,1189.57,1194.45,1185.5,1194.34,4.72,14.74,14.74,14.608,14.63,,,,,95.4,95.43,94.98,95.03,,,,,,
10/9/2018,1188.12,1191.6,1184.5,1189.62,1.81,14.582,14.582,14.494,14.512,,,,,95.61,95.79,95.37,95.4,,,,,,
10/8/2018,1202.61,1203.8,1184.03,1187.81,-14.89,14.558,14.588,14.558,14.588,,,,,95.74,96.15,95.58,95.61,,,,,,
10/5/2018,1199.78,1205.03,1197.11,1202.7,3.13,14.394,14.408,14.314,14.408,,,,,95.62,96.03,95.59,95.74,,,,,,
10/4/2018,1197.02,1205.91,1195.93,1199.57,2.54,14.358,14.358,14.152,14.196,,,,,95.73,95.94,95.51,95.59,,,,,,
10/3/2018,1202.98,1207.78,1196.13,1197.03,-5.83,14.214,14.22,14.214,14.22,,,,,96.05,96.12,95.55,95.73,,,,,,
10/2/2018,1188.84,1207.74,1188.56,1202.86,14.26,14.35,14.35,14.136,14.162,,,,,95.46,96.11,95.25,96.05,,,,,,
10/1/2018,1191.85,1192,1184.83,1188.6,-2.81,14.472,14.6,14.472,14.536,,,,,95.29,95.74,95.26,95.46,,,,,,
9/28/2018,1182.71,1193.12,1181.06,1191.41,9.12,14.296,14.334,14.292,14.334,,,,,95.1,95.37,95,95.29,,,,,,
9/27/2018,1194.37,1198.29,1182.04,1182.29,-11.98,14.054,14.104,13.928,13.928,,,,,95,95.36,94.92,95.13,,,,,,
9/26/2018,1201,1202.26,1191.45,1194.27,-6.74,13.87,13.976,13.87,13.976,,,,,94.27,95.02,94.21,95,,,,,,
9/25/2018,1198.62,1202.89,1196.95,1201.01,2.55,14.174,14.198,13.874,13.992,,,,,94.17,94.4,93.95,94.26,,,,,,
9/24/2018,1199.22,1203.57,1194.49,1198.46,-0.86,14.308,14.308,14.194,14.194,,,,,94.23,94.37,94,94.17,,,,,,
9/21/2018,1206.99,1210.7,1192.18,1199.32,-7.64,14.57,14.57,14.254,14.254,,,,,94.23,94.36,93.84,94.23,,,,,,
9/20/2018,1203.88,1207.65,1201.31,1206.96,3.21,14.408,14.43,14.382,14.414,,,,,93.91,94.33,93.81,94.21,,,,,,
9/19/2018,1198.04,1205.75,1197.72,1203.75,6.02,14.374,14.494,14.374,14.494,,,,,94.55,94.56,93.82,93.91,,,,,,
9/18/2018,1201.26,1202.82,1196.16,1197.73,-3.26,14.274,14.332,14.274,14.294,,,,,94.54,94.72,94.32,94.55,,,,,,
9/17/2018,1193.56,1204.48,1193.03,1200.99,7.63,14.206,14.206,14.206,14.206,,,,,94.6,94.72,94.31,94.54,,,,,,
9/14/2018,1201.43,1208.17,1193.22,1193.36,-7.91,14.208,14.218,14.184,14.206,,,,,94.93,94.97,94.44,94.6,,,,,,
9/13/2018,1205.92,1212.06,1200.21,1201.27,-4.51,14.256,14.256,14.142,14.148,,,,,94.55,94.99,94.35,94.94,,,,,,
9/12/2018,1198.2,1208.23,1192.85,1205.78,7.3,,,,,,,,,94.84,94.96,94.42,94.55,,,,,,
9/11/2018,1195.89,1198.98,1187.94,1198.48,2.8,,,,,,,,,95.14,95.28,94.73,94.84,,,,,,
9/10/2018,1195.63,1197.92,1191.58,1195.68,0.98,,,,,,,,,95.16,95.35,94.88,95.14,,,,,,
9/7/2018,1200.16,1202.9,1193.88,1194.7,-5.27,,,,,,,,,95.42,95.56,95.02,95.16,,,,,,
9/6/2018,1196.58,1206.35,1195.78,1199.97,2,,,,,,,,,95.03,95.45,94.87,95.33,,,,,,
9/5/2018,1191.34,1197.97,1190.89,1197.97,6.76,,,,,,,,,95.09,95.2,94.93,95.02,,,,,,
9/4/2018,1201.29,1201.66,1189.8,1191.21,-10.05,,,,,,,,,95.39,95.66,95.08,95.18,,,,,,
9/3/2018,1200.84,1203.45,1196.05,1201.26,0.11,,,,,,,,,95.14,95.73,95.13,95.43,,,,,,
8/31/2018,1199.75,1208.28,1198.76,1201.15,1.51,,,,,,,,,95.18,95.22,95,95.14,,,,,,
8/30/2018,1206.66,1207.63,1196.75,1199.64,-6.84,,,,,,,,,94.71,95.22,94.54,95.09,,,,,,
8/29/2018,1200.97,1206.92,1200.83,1206.48,5.59,,,,,,,,,94.52,94.9,94.46,94.72,,,,,,
8/28/2018,1211.23,1214.1,1199.93,1200.89,-10.22,,,,,,,,,94.71,94.93,94.51,94.6,,,,,,
8/27/2018,1205.76,1211.84,1203.11,1211.11,5.25,,,,,,,,,94.74,94.91,94.43,94.72,,,,,,
8/24/2018,1185.47,1208.09,1183.36,1205.86,20.86,,,,,,,,,95.17,95.3,94.68,94.77,,,,,,
